Family ID,Phenotype,EDAT_RESSO,EDAT_DEBUT,Sex,TAP-E,EstimatedTotalIntraCranialVol,1,2,3,4,5,6,7,8,9,10,11,12,13,14,15,16,17,18,19,20,21,22,23,24,25,26,27,28,29,30,31,32,33,34,35,36,37,38,39,40,41,42,43,44,45,46,47,48,49,50,51,52,53,54,55,56,57,58,59,60,61,62,63,64,65,66,67,68,69,70,71,72,73,74,75,76,77,78,79,80,81,82,83,84,85,86,87,88,89,90,91,92,93,94,95,96,97,98,99,100,101,102,103,104,105,rs2208870,rs12333117,rs58218,rs645649,rs582262,rs3763180,rs10484320,rs4960155,rs9379002,rs9405890,rs1475157
1011,2,62.6,27,2,14,1404500.7886,2.288,3.131,2.532,1.615,3.155,2.288,2.217,2.763,2.339,2.143,2.732,1.76,2.965,2.704,2.343,2.12,2.506,2.837,2.461,1.608,2.077,2.053,2.432,2.091,2.911,2.522,2.75,1.926,2.456,2.268,3.638,3.38,2.308,2.704,2.3761,2.059,2.974,2.574,1.582,3.409,2.389,2.196,2.569,2.292,2.054,2.91,1.834,2.894,2.66,2.308,2.175,2.577,2.681,2.302,1.502,2.112,2.249,2.457,2.023,2.873,2.658,2.763,1.999,2.52,2.384,3.418,3.45,2.106,3.033,2.3946,4.347,6.105,5.106,3.197,6.564,4.677,4.413,5.332,4.631,4.197,5.642,3.594,5.859,5.364,4.651,4.295,5.083,5.518,4.763,3.11,4.189,4.302,4.889,4.114,5.784,5.18,5.513,3.925,4.976,4.652,7.056,6.83,4.414,5.737,4.7707,GA,CT,GA,GC,GC,TT,CC,CC,TT,TT,AA
1238,2,55.75,24,2,22,1191641.9434,2.218,3.009,2.737,1.877,3.114,2.417,2.477,2.904,2.443,2.291,2.969,1.864,2.877,3.102,2.348,2.626,2.82,3.292,2.703,1.508,2.03,2.48,2.647,2.358,3.232,2.688,3.033,2.307,2.671,2.507,3.754,3.179,2.361,2.899,2.5616,2.13,3.005,2.96,1.926,2.577,2.458,2.42,2.804,2.457,2.323,2.866,2.001,2.731,2.697,2.142,2.48,2.627,2.913,2.596,1.62,2.091,2.305,2.601,2.331,3.1,2.687,3.023,2.307,2.756,2.679,3.562,2.732,2.334,2.952,2.5403,4.348,6.014,5.697,3.803,5.691,4.875,4.897,5.708,4.9,4.614,5.835,3.865,5.608,5.799,4.49,5.106,5.447,6.205,5.299,3.128,4.121,4.785,5.248,4.689,6.332,5.375,6.056,4.614,5.427,5.186,7.316,5.911,4.695,5.851,5.1019,AA,CC,GA,CC,GC,GG,CC,TC,TG,CC,AA
2868,2,44.925,15,2,8,1492186.5689,2.353,2.413,2.472,1.765,2.951,2.49,2.494,2.944,2.269,2.31,2.445,2.096,2.421,2.641,2.293,2.248,2.539,2.785,2.542,1.565,2.06,2.348,2.384,2.195,2.349,2.491,2.631,2.159,2.667,2.526,2.858,3.131,2.266,3.015,2.4069,2.004,2.905,2.569,1.803,2.348,2.212,2.293,2.574,2.246,2.318,2.443,1.94,2.591,2.623,2.051,2.089,2.388,2.672,2.703,1.693,2.112,2.376,2.5,2.153,2.722,2.353,2.733,2.166,2.634,2.504,3.221,3.031,2.27,2.813,2.3743,4.357,5.318,5.041,3.568,5.299,4.702,4.787,5.518,4.515,4.628,4.888,4.036,5.012,5.264,4.344,4.337,4.927,5.457,5.245,3.258,4.172,4.724,4.884,4.348,5.071,4.844,5.364,4.325,5.301,5.03,6.079,6.162,4.536,5.828,4.7812,GG,CC,AA,GC,GG,TT,CC,CC,TT,TT,AA
4412,2,48.4444,17,1,16,1527296.9904,1.974,2.522,2.528,1.609,3.244,2.321,2.218,2.751,2.357,2.172,2.6,1.909,2.311,2.66,2.114,2.014,2.432,2.682,2.413,1.633,1.844,2.236,2.372,2.124,2.901,2.465,2.564,2.011,2.389,2.285,2.57,3.412,1.794,2.987,2.3064,2.23,3.385,2.387,1.703,3.316,2.471,2.155,2.728,2.488,2.11,2.648,1.862,2.597,2.662,2.157,2.267,2.471,2.579,2.396,1.445,1.868,2.465,2.408,2.127,2.948,2.309,2.622,2.017,2.369,2.21,2.846,3.347,1.934,2.861,2.3187,4.204,5.907,4.915,3.312,6.56,4.792,4.373,5.479,4.845,4.282,5.248,3.771,4.908,5.322,4.271,4.281,4.903,5.261,4.809,3.078,3.712,4.701,4.78,4.251,5.849,4.774,5.186,4.028,4.758,4.495,5.416,6.759,3.728,5.848,4.6252,GA,CT,GA,GC,,TT,CC,CC,TT,TT,AA
4716,2,56.825,27,1,20,1483902.4879,2.376,2.486,2.371,1.914,3.139,2.321,2.275,2.703,2.232,2.269,2.532,1.993,2.705,2.742,2.366,2.279,2.346,2.36,2.568,1.624,2.048,2.081,2.251,2.173,2.869,2.306,2.574,2.097,2.343,2.39,3.076,3.434,1.936,2.844,2.3363,2.158,2.506,2.288,1.917,2.701,2.419,2.213,2.616,2.491,2.313,2.528,2.023,2.657,2.61,2.443,2.315,2.407,2.446,2.225,1.764,2.05,2.045,2.233,2.222,3.202,2.308,2.59,2.088,2.439,2.257,2.804,3.183,2.217,2.866,2.3329,4.534,4.992,4.659,3.831,5.84,4.74,4.488,5.319,4.723,4.582,5.06,4.016,5.362,5.352,4.809,4.594,4.753,4.806,4.793,3.388,4.098,4.126,4.484,4.395,6.071,4.614,5.164,4.185,4.782,4.647,5.88,6.617,4.153,5.71,4.6692,AA,CT,,GG,GC,TG,CC,TC,TG,TC,AA
7873,2,48.0528,24,1,27,1458115.5925,2.055,2.682,2.372,1.724,3.011,2.355,2.333,3.085,2.332,2.01,2.615,1.899,2.463,2.642,2.035,2.189,2.302,2.606,2.285,1.533,1.953,2.606,2.272,2.096,2.737,2.249,2.594,1.973,2.507,2.382,2.669,3.547,2.06,2.96,2.3214,2.015,2.775,2.341,1.631,3.236,2.317,2.237,2.702,2.487,1.984,2.495,1.965,2.435,2.56,2.251,2.177,2.362,2.432,2.198,1.498,1.853,2.346,2.219,2.061,2.907,2.222,2.514,1.953,2.566,2.285,2.606,3.576,1.883,2.985,2.2812,4.07,5.457,4.713,3.355,6.247,4.672,4.57,5.787,4.819,3.994,5.11,3.864,4.898,5.202,4.286,4.366,4.664,5.038,4.483,3.031,3.806,4.952,4.491,4.157,5.644,4.471,5.108,3.926,5.073,4.667,5.275,7.123,3.943,5.945,4.6026,GA,CT,GA,GC,GC,GG,TT,TT,TT,TC,AA
10374,2,45.1722,18,1,25,1677700.4146,2.561,2.482,2.468,1.883,2.781,2.541,2.331,2.798,2.176,2.211,2.956,2.039,2.752,2.661,2.339,2.279,2.276,2.509,2.37,1.773,1.978,2.348,2.399,2.119,2.692,2.532,2.631,2.023,2.463,2.294,2.918,3.313,2.395,3.006,2.3913,2.197,3.022,2.426,1.782,2.385,2.346,2.279,2.583,2.315,2.099,2.748,1.932,2.654,2.566,2.519,2.298,2.574,2.381,2.305,1.639,2.071,2.455,2.393,2.18,3.197,2.634,2.603,2.035,2.323,2.45,3.047,3.395,2.286,2.997,2.3753,4.758,5.504,4.894,3.665,5.166,4.887,4.61,5.381,4.491,4.31,5.704,3.971,5.406,5.227,4.858,4.577,4.85,4.89,4.675,3.412,4.049,4.803,4.792,4.299,5.889,5.166,5.234,4.058,4.786,4.744,5.965,6.708,4.681,6.003,4.7666,GG,CC,GA,GC,GC,GG,TT,TT,TT,TT,AA
10543,2,38.5056,14,1,22,1534845.6454,2.59,2.586,2.502,1.906,3.485,2.514,2.267,2.692,2.741,2.217,2.7,1.98,2.802,2.701,2.072,2.384,2.525,2.414,2.44,1.645,2.037,2.326,2.359,2.137,3.207,2.459,2.628,2.073,2.55,2.467,3.21,3.625,2.128,3.087,2.4052,1.909,2.639,2.478,1.777,3.054,2.525,2.396,2.721,2.648,2.188,2.762,1.989,2.559,2.641,2.23,2.457,2.556,2.685,2.439,1.605,2.037,2.278,2.444,2.164,2.785,2.493,2.802,2.087,2.436,2.449,3.073,4.462,1.928,2.896,2.4177,4.499,5.225,4.98,3.683,6.539,5.039,4.663,5.413,5.389,4.405,5.462,3.969,5.361,5.342,4.302,4.841,5.081,5.099,4.879,3.25,4.074,4.604,4.803,4.301,5.992,4.952,5.43,4.16,4.986,4.916,6.283,8.087,4.056,5.983,4.8229,GA,CC,AA,GC,GG,GG,TC,TT,TG,CC,AA
11835,2,53.1944,19,2,17,1321559.7363,2.283,2.614,2.71,2.012,2.904,2.249,2.492,2.583,2.05,2.183,2.704,1.946,2.456,2.59,2.166,2.403,2.53,3.147,2.419,1.709,2.191,2.383,2.353,2.217,3.299,2.742,2.941,2.383,2.363,2.5,3.366,3.31,2.247,2.867,2.4541,2.131,2.604,2.652,1.885,2.587,2.353,2.298,2.469,2.232,2.05,2.78,1.771,2.631,2.581,1.823,2.296,2.497,2.52,2.516,1.726,2.078,2.292,2.32,2.181,3.075,2.611,2.893,2.285,2.55,2.404,3.48,2.903,2.236,2.735,2.3925,4.414,5.218,5.362,3.897,5.491,4.602,4.79,5.052,4.282,4.233,5.484,3.717,5.087,5.171,3.989,4.699,5.027,5.667,4.935,3.435,4.269,4.675,4.673,4.398,6.374,5.353,5.834,4.668,4.913,4.904,6.846,6.213,4.483,5.602,4.8465,GA,CT,GA,GC,GC,TT,CC,CC,TT,TC,AG
12331,2,52.7944,29,1,29,1385208.855,2.291,2.988,2.692,1.997,3.219,2.744,2.544,2.984,2.323,2.317,2.781,1.813,2.611,2.954,2.396,2.387,2.612,2.522,2.546,1.495,2.016,2.4,2.512,2.415,3.064,2.603,2.808,2.228,2.689,2.38,3.698,3.82,2.01,3.226,2.5169,2.237,3.254,2.603,1.904,3.288,2.551,2.549,2.832,2.347,2.149,2.856,1.947,2.643,2.958,2.334,2.43,2.606,2.918,2.277,1.619,2.074,2.581,2.599,2.322,2.94,2.563,2.848,2.278,2.518,2.503,3.673,3.697,2.031,3.049,2.5124,4.528,6.242,5.295,3.901,6.507,5.295,5.093,5.816,4.67,4.466,5.637,3.76,5.254,5.912,4.73,4.817,5.218,5.44,4.823,3.114,4.09,4.981,5.111,4.737,6.004,5.166,5.656,4.506,5.207,4.883,7.371,7.517,4.041,6.275,5.0293,AA,TT,GG,GG,GC,TG,CC,TC,TG,TC,AA
12667,2,50.2333,18,1,29,1313062.3669,2.193,3.136,2.469,2.012,2.87,2.637,2.442,2.89,2.173,2.275,2.861,1.949,2.779,2.83,2.827,2.382,2.43,2.996,2.265,1.486,1.989,2.532,2.323,2.207,3.287,2.497,2.676,2.114,2.616,2.37,2.857,3.449,1.995,2.99,2.4258,2.45,2.855,2.577,1.981,3.007,2.651,2.483,2.876,2.134,2.259,2.639,2.069,2.626,2.662,2.264,2.36,2.364,2.786,2.468,1.616,2.091,2.515,2.446,2.188,2.871,2.477,2.649,2.193,2.651,2.514,2.989,3.787,2.005,2.985,2.4492,4.643,5.991,5.046,3.993,5.877,5.288,4.925,5.766,4.307,4.534,5.5,4.018,5.405,5.492,5.091,4.742,4.794,5.782,4.733,3.102,4.08,5.047,4.769,4.395,6.158,4.974,5.325,4.307,5.267,4.884,5.846,7.236,4,5.975,4.8751,GA,CC,GA,GC,GC,TG,CC,TC,TG,TT,AG
12843,2,47.05,19,1,27,1610836.4945,2.348,2.9,2.531,1.788,2.979,2.619,2.483,2.845,2.36,2.178,2.616,1.87,2.552,3.022,2.356,2.39,2.551,2.37,2.409,1.472,1.907,2.322,2.294,2.165,3.395,2.468,2.692,2.138,2.692,2.541,2.834,4.079,2.277,3.229,2.4315,2.381,3.062,2.489,1.764,2.587,2.555,2.222,3.024,2.384,2.249,2.763,1.877,2.756,2.949,2.549,2.261,2.448,2.632,2.325,1.481,1.899,2.348,2.372,2.266,3.429,2.433,2.696,2.021,2.648,2.409,3.008,3.979,1.959,3.156,2.4239,4.729,5.962,5.02,3.552,5.566,5.174,4.705,5.869,4.744,4.427,5.379,3.747,5.308,5.971,4.905,4.651,4.999,5.002,4.734,2.953,3.806,4.67,4.666,4.431,6.824,4.901,5.388,4.159,5.34,4.95,5.842,8.058,4.236,6.385,4.8553,GG,CC,AA,CC,CC,TT,CC,CC,TT,TT,AA
13104,2,50.4972,24,1,20,1266217.3674,2.547,2.298,2.314,1.705,2.362,2.363,2.291,2.927,2.605,2.141,2.737,1.877,2.833,2.61,2.009,2.062,2.448,2.882,2.494,1.506,1.858,2.313,2.417,2.107,2.65,2.488,2.592,1.986,2.483,2.267,3.471,3.45,1.963,2.925,2.3402,2.14,3.143,2.264,1.666,2.562,2.222,2.261,2.617,2.627,2.189,2.663,1.825,2.977,2.554,2.117,2.157,2.395,2.496,2.31,1.308,1.782,2.546,2.2,2.118,3.208,2.434,2.58,2.028,2.358,2.526,3.239,3.187,1.747,3.132,2.3169,4.687,5.441,4.578,3.371,4.924,4.585,4.552,5.544,5.232,4.33,5.4,3.702,5.81,5.164,4.126,4.219,4.843,5.378,4.804,2.814,3.64,4.859,4.617,4.225,5.858,4.922,5.172,4.014,4.841,4.793,6.71,6.637,3.71,6.057,4.6571,GA,CT,GA,GC,GG,TT,CC,CC,TT,TT,AA
13814,2,42.225,26,1,29,1608293.3399,2.1,2.58,2.483,1.869,3.338,2.379,2.258,2.644,2.384,2.217,2.599,1.942,2.482,2.658,2.624,2.323,2.47,2.318,2.283,1.721,1.875,2.371,2.566,2.221,2.866,2.302,2.81,2.034,2.418,2.18,2.78,3.263,2.215,2.818,2.3673,2.021,2.654,2.416,1.811,3.041,2.238,2.256,2.48,2.511,2.072,2.431,1.793,2.664,2.641,2.481,2.329,2.479,2.409,2.29,1.476,1.975,2.475,2.486,2.228,2.828,2.397,2.682,2.111,2.449,2.434,2.529,3.372,1.86,2.947,2.3513,4.121,5.234,4.899,3.68,6.379,4.617,4.514,5.124,4.895,4.289,5.03,3.735,5.146,5.299,5.105,4.652,4.949,4.727,4.573,3.197,3.85,4.846,5.052,4.449,5.694,4.699,5.492,4.145,4.867,4.614,5.309,6.635,4.075,5.765,4.7187,GG,CC,AA,GC,GC,TT,CC,CC,TT,TT,AA
14687,2,33.9778,17,1,26,1523898.2326,2.65,2.666,2.73,1.966,3.47,2.617,2.495,2.988,2.425,2.313,2.982,2.076,3.054,2.85,2.389,2.442,2.604,2.785,2.593,1.619,2.122,2.322,2.611,2.424,3.09,2.553,2.942,2.217,2.5,2.528,2.937,3.503,2.295,2.908,2.5492,2.411,2.482,2.622,2.074,3.233,2.672,2.647,3.04,2.681,2.187,2.681,2.04,2.766,3.006,2.309,2.535,2.729,2.678,2.359,1.745,2.091,2.666,2.517,2.426,3.173,2.666,2.895,2.307,2.605,2.641,3.561,3.843,1.945,3.301,2.5702,5.061,5.148,5.352,4.04,6.703,5.289,5.142,6.028,5.106,4.5,5.663,4.116,5.82,5.856,4.698,4.977,5.333,5.463,4.952,3.364,4.213,4.988,5.128,4.85,6.263,5.219,5.837,4.524,5.105,5.169,6.498,7.346,4.24,6.209,5.1194,AA,CC,GG,GG,GG,GG,TT,TT,TT,CC,AA
15808,2,57.1694,18,1,26,1561163.9712,2.303,2.952,2.578,2.002,3.466,2.461,2.436,3.002,2.634,2.307,2.847,2.024,2.782,2.951,2.75,2.347,2.625,2.66,2.499,1.639,2.151,2.42,2.598,2.339,3.564,2.538,2.896,2.089,2.593,2.568,3.853,3.862,2.336,3.048,2.5259,2.409,2.899,2.719,1.952,3.481,2.465,2.459,2.799,2.536,2.168,2.809,1.924,2.695,2.905,2.684,2.457,2.622,2.682,2.538,1.682,2.191,2.437,2.595,2.18,3.466,2.549,3.001,2.269,2.814,2.512,3.33,3.839,2.398,3.071,2.5326,4.712,5.851,5.297,3.954,6.947,4.926,4.895,5.801,5.17,4.475,5.656,3.948,5.477,5.856,5.434,4.804,5.247,5.342,5.037,3.321,4.342,4.857,5.193,4.519,7.03,5.087,5.897,4.358,5.407,5.08,7.183,7.701,4.734,6.119,5.0584,AA,TT,GG,GG,GG,TG,CC,TC,TG,TT,AG
16980,2,27.2,16,1,28,1691641.1036,2.868,3.323,2.829,1.918,2.921,2.734,2.553,2.745,2.623,2.395,2.88,2.144,2.842,3.036,2.883,2.685,2.762,2.779,2.667,1.619,2.185,2.777,2.75,2.392,3.465,2.55,3.096,2.272,3.107,2.754,2.761,3.795,2.334,3.394,2.6598,2.486,3.358,2.673,1.977,2.612,2.735,2.619,2.732,2.553,2.296,2.899,2.089,2.665,3.101,2.875,2.525,2.552,2.823,2.513,1.617,2.194,2.714,2.703,2.533,3.039,2.695,3.092,2.285,2.98,2.615,2.869,4.098,2.443,3.428,2.6405,5.354,6.681,5.502,3.895,5.533,5.469,5.172,5.477,5.176,4.691,5.779,4.233,5.507,6.137,5.758,5.21,5.314,5.602,5.18,3.236,4.379,5.491,5.453,4.925,6.504,5.245,6.188,4.557,6.087,5.369,5.63,7.893,4.777,6.822,5.3003,AA,CT,GG,GG,GG,TG,TC,TC,TT,TC,AA
17453,2,46.8694,18,2,24,1408890.1835,2.365,2.545,2.678,1.9,3.103,2.599,2.493,3.127,2.625,2.176,2.788,1.927,3.124,2.762,2.123,2.205,2.873,2.77,2.962,1.52,2.227,2.504,2.413,2.389,3.2,2.668,2.83,2.236,2.488,2.652,3.228,3.64,2,3.048,2.5237,2.281,2.635,2.672,1.745,3.284,2.776,2.558,3.093,2.289,2.351,2.632,2.089,2.922,3.167,1.95,2.201,2.594,3.22,2.905,1.632,2.161,2.525,2.227,2.584,2.843,2.727,2.833,2.189,2.65,2.594,4.083,3.678,1.923,3.007,2.5417,4.646,5.18,5.35,3.645,6.387,5.375,5.051,6.22,4.914,4.527,5.42,4.016,6.046,5.929,4.073,4.406,5.467,5.99,5.867,3.152,4.388,5.029,4.64,4.973,6.043,5.395,5.663,4.425,5.138,5.246,7.311,7.318,3.923,6.055,5.0654,GA,CT,GA,GC,GG,GG,TC,TC,TT,TC,AA
17741,2,28.0833,19,1,25,1570547.7093,2.781,3.428,2.626,2.07,3.167,2.659,2.483,2.831,2.338,2.334,2.896,2.054,2.595,2.747,2.952,2.475,2.803,2.902,2.84,1.711,2.271,2.454,2.522,2.536,3.414,2.574,2.923,2.238,2.946,2.712,3.211,3.775,2.411,3.164,2.5961,2.599,3.125,2.639,2.112,3.277,2.743,2.429,2.934,2.597,2.402,2.952,2.18,2.835,2.85,3.259,2.495,2.5,3.186,2.659,1.758,2.196,2.701,2.592,2.533,3.631,2.538,3.016,2.207,2.988,2.708,3.42,3.593,2.628,3.475,2.6408,5.38,6.553,5.265,4.182,6.444,5.402,4.912,5.765,4.935,4.736,5.848,4.234,5.43,5.597,6.211,4.97,5.303,6.088,5.499,3.469,4.467,5.155,5.114,5.069,7.045,5.112,5.939,4.445,5.934,5.42,6.631,7.368,5.039,6.639,5.2369,AA,CT,GG,GG,GG,TG,CC,TC,TG,TC,AA
18406,2,51.7583,28,2,27,1436815.6807,2.413,2.971,2.421,2.226,2.965,2.521,2.34,3.1,2.757,2.367,2.677,2.175,2.839,2.957,2.759,2.377,2.379,2.782,2.446,1.647,2.119,2.737,2.474,2.434,3.69,2.5,2.745,2.139,2.651,2.437,3.19,3.387,2.35,2.999,2.5079,2.009,3.275,2.459,1.889,2.409,2.485,2.551,2.713,2.444,2.294,2.75,2.044,2.755,2.553,2.876,2.277,2.444,2.6,2.344,1.738,2.017,2.757,2.36,2.444,3.134,2.449,2.785,2.262,2.466,2.439,3.263,3.681,2.236,2.973,2.4666,4.422,6.246,4.88,4.115,5.374,5.006,4.891,5.813,5.201,4.661,5.427,4.219,5.594,5.51,5.635,4.654,4.823,5.382,4.79,3.385,4.136,5.494,4.834,4.878,6.824,4.949,5.53,4.401,5.117,4.876,6.453,7.068,4.586,5.972,4.9744,AA,CC,GG,GG,GG,GG,TC,TT,TG,TC,AG
19224,2,34.5083,18,1,23,1868965.4609,2.73,2.724,2.566,1.788,3.448,2.758,2.416,2.792,2.649,2.316,2.653,1.964,2.719,2.846,2.753,2.388,2.543,2.785,2.47,1.881,2.13,2.371,2.604,2.377,3.268,2.413,2.713,2.11,2.756,2.374,3.359,3.757,2.314,3.166,2.4948,2.615,2.994,2.54,1.905,3.107,2.686,2.399,2.827,2.767,2.17,2.77,2.034,2.863,2.879,2.881,2.474,2.577,2.74,2.754,1.608,1.993,2.592,2.578,2.345,3.433,2.489,2.758,2.085,2.745,2.468,2.787,3.646,2.185,3.235,2.5052,5.345,5.718,5.106,3.693,6.555,5.444,4.815,5.619,5.416,4.486,5.423,3.998,5.582,5.725,5.634,4.862,5.12,5.525,5.224,3.489,4.123,4.963,5.182,4.722,6.701,4.902,5.471,4.195,5.501,4.842,6.146,7.403,4.499,6.401,5.0001,AA,TT,GG,GG,GG,TT,CC,CC,TT,TT,AA
20360,2,29.1056,17,1,23,1525728.3248,2.34,2.837,2.442,2.044,3.167,2.631,2.319,2.87,2.791,1.994,2.544,1.995,2.494,2.761,2.554,2.451,2.518,2.472,2.353,1.457,2.131,2.135,2.579,2.359,2.47,2.508,2.833,2.169,2.555,2.437,3.404,3.914,2.268,3.179,2.4452,2.485,3.117,2.644,1.946,3.11,2.568,2.434,2.715,2.78,2.119,2.573,2.162,2.812,2.7,2.398,2.556,2.668,2.413,2.374,1.563,2.158,2.442,2.594,2.412,3.226,2.468,2.808,2.172,2.46,2.486,3.035,4.134,2.023,3.09,2.4845,4.825,5.954,5.086,3.99,6.277,5.199,4.753,5.585,5.571,4.113,5.117,4.157,5.306,5.461,4.952,5.007,5.186,4.885,4.727,3.02,4.289,4.577,5.173,4.771,5.696,4.976,5.641,4.341,5.015,4.923,6.439,8.048,4.291,6.269,4.9296,GG,CC,AA,GC,GC,TG,CC,TC,TG,TT,AG
20526,2,37.5944,30,1,24,1884310.9292,2.507,2.844,2.735,2.095,3.671,2.751,2.634,2.87,2.565,2.484,2.92,2.211,2.808,2.918,2.659,2.52,2.761,2.928,2.685,1.992,2.235,2.534,2.518,2.392,3.174,2.636,2.909,2.232,2.857,2.774,2.886,4.058,2.504,3.169,2.6233,2.593,2.988,2.763,1.987,3.267,2.781,2.586,2.886,2.56,2.405,2.938,2.277,2.841,2.899,2.272,2.402,2.742,2.853,2.684,1.863,2.206,2.617,2.587,2.557,3.241,2.701,2.97,2.343,2.878,2.675,3.064,3.6,2.582,3.249,2.6418,5.1,5.832,5.498,4.082,6.938,5.532,5.22,5.756,5.125,4.889,5.858,4.488,5.649,5.817,4.931,4.922,5.503,5.781,5.369,3.855,4.441,5.151,5.105,4.949,6.415,5.337,5.879,4.575,5.735,5.449,5.95,7.658,5.086,6.418,5.2651,GA,CT,AA,CC,GC,TG,CC,TC,TG,TC,AA
20897,2,56.1056,18,2,23,1438837.1158,2.248,2.905,2.505,1.64,3.182,2.189,2.26,2.6,2.104,2.155,2.381,1.89,2.79,2.571,1.977,2.177,2.266,2.396,2.37,1.45,1.878,2.269,2.393,1.947,3.447,2.273,2.599,2.02,2.387,2.197,2.703,2.704,2.331,2.844,2.2838,1.777,3.011,2.398,1.735,3.071,2.279,2.324,2.762,2.017,2.159,2.493,1.793,2.696,2.465,1.87,1.955,2.345,2.422,2.267,1.461,2.019,2.387,2.397,1.97,2.958,2.28,2.515,1.955,2.338,2.272,2.616,3.263,2.362,2.766,2.2797,4.025,5.916,4.903,3.375,6.253,4.468,4.584,5.362,4.121,4.314,4.874,3.683,5.486,5.036,3.847,4.132,4.611,4.818,4.637,2.911,3.897,4.656,4.79,3.917,6.405,4.553,5.114,3.975,4.725,4.469,5.319,5.967,4.693,5.61,4.5635,AA,CT,GG,GG,GG,TG,CC,TC,TG,TT,GG
21411,2,63.4444,27,1,27,1772837.7229,2.381,2.705,2.803,1.921,2.874,2.37,2.505,2.762,2.107,2.189,2.666,1.823,2.668,2.751,2.073,2.504,2.479,3.092,2.614,1.726,2.041,2.308,2.317,2.445,3.056,2.531,2.898,2.289,2.799,2.538,3.386,3.617,2.239,3.058,2.4902,1.955,2.695,2.596,1.966,2.704,2.368,2.29,2.695,2.623,2.082,2.698,1.908,2.788,2.552,1.999,2.54,2.51,2.709,2.525,1.613,2.106,2.575,2.19,2.576,3.103,2.625,3.073,2.408,2.446,2.476,3.642,4.107,2.145,3.017,2.4739,4.336,5.4,5.399,3.887,5.578,4.738,4.795,5.457,4.73,4.271,5.364,3.731,5.456,5.303,4.072,5.044,4.989,5.801,5.139,3.339,4.147,4.883,4.507,5.021,6.159,5.156,5.971,4.697,5.245,5.014,7.028,7.724,4.384,6.075,4.9641,GA,CT,GA,GC,GC,TG,TC,TC,TT,TC,AA
22795,2,27.7694,16,2,25,1522505.5982,2.452,3.201,2.63,2.065,3.219,2.589,2.555,3.005,2.68,2.279,2.82,2.136,2.631,2.945,2.758,2.478,2.442,2.566,2.506,1.724,2.095,2.595,2.558,2.347,3.074,2.504,2.713,2.243,2.721,2.609,3.128,3.851,2.223,3.12,2.5323,2.19,2.811,2.446,1.853,2.682,2.587,2.502,2.77,2.498,2.359,2.999,1.995,3.058,2.864,2.967,2.231,2.448,2.567,2.546,1.799,2.165,2.434,2.515,2.364,3.316,2.647,2.741,2.212,2.757,2.57,2.961,3.647,2.519,3.178,2.5193,4.642,6.012,5.076,3.918,5.901,5.176,5.057,5.775,5.178,4.638,5.819,4.131,5.689,5.809,5.725,4.709,4.89,5.133,5.052,3.523,4.26,5.029,5.073,4.711,6.39,5.151,5.454,4.455,5.478,5.179,6.089,7.498,4.742,6.298,5.0516,GG,CC,AA,CC,CC,TG,TC,TC,TT,TC,AA
23981,2,37.775,17,1,26,1809232.4549,2.363,2.699,2.678,1.97,3.308,2.678,2.502,2.788,2.61,2.346,2.767,2.046,3.001,2.794,2.238,2.396,2.603,2.832,2.539,1.812,2.131,2.616,2.337,2.237,3.24,2.625,2.833,2.189,2.715,2.301,3.232,3.441,2.199,3.19,2.5141,2.291,2.249,2.573,1.974,3.369,2.558,2.385,2.644,2.372,2.215,2.594,2.001,2.587,2.816,2.354,2.329,2.715,2.719,2.497,1.695,2.111,2.498,2.423,2.282,3.374,2.485,2.903,2.198,2.757,2.565,3.378,3.4,2.256,3.14,2.4945,4.654,4.948,5.251,3.944,6.677,5.236,4.887,5.432,4.982,4.561,5.361,4.047,5.588,5.61,4.592,4.725,5.318,5.551,5.036,3.507,4.242,5.114,4.76,4.519,6.614,5.11,5.736,4.387,5.472,4.866,6.61,6.841,4.455,6.33,5.0086,AA,CT,GG,GG,GG,GG,TC,TT,TG,CC,AA
24640,2,34.925,19,2,25,1476167.9027,2.534,2.335,2.506,1.659,2.978,2.227,2.286,2.734,2.582,2.257,2.606,1.973,2.551,2.57,1.999,2.314,2.037,2.684,2.204,1.565,1.919,2.383,2.285,2.142,2.633,2.404,2.592,2.095,2.385,2.362,3.338,3.541,1.814,2.762,2.3195,2.352,2.483,2.541,1.603,2.847,2.417,2.27,2.891,2.186,2.068,2.616,1.774,3.027,2.564,2.149,1.898,2.496,2.764,2.393,1.56,1.872,2.114,2.217,1.97,3.247,2.494,2.556,2.038,2.316,2.233,3.122,3.02,2.01,2.918,2.3111,4.886,4.818,5.047,3.262,5.825,4.644,4.556,5.625,4.768,4.325,5.222,3.747,5.578,5.134,4.148,4.212,4.533,5.448,4.597,3.125,3.791,4.497,4.502,4.112,5.88,4.898,5.148,4.133,4.701,4.595,6.46,6.561,3.824,5.68,4.6305,GA,TT,GG,GG,GG,TG,CC,CC,TT,TT,AA
25142,2,29.1278,23,2,20,1478337.1034,2.232,3.133,2.641,2.003,3.492,2.573,2.457,2.578,2.562,2.474,2.879,2.127,2.539,2.802,2.669,2.576,2.499,3.032,2.492,1.706,1.994,2.888,2.626,2.435,3.515,2.653,3.037,2.27,2.71,2.677,3.182,3.923,2.591,3.251,2.5883,2.476,2.862,2.599,1.995,3.032,2.668,2.492,2.601,2.529,2.353,2.787,2.127,2.789,3.011,2.731,2.651,2.688,2.966,2.644,1.724,2.125,2.88,2.607,2.423,3.3,2.568,3.068,2.169,2.63,2.641,2.94,3.642,2.34,3.022,2.5894,4.708,5.995,5.24,3.998,6.524,5.241,4.949,5.179,5.091,4.827,5.666,4.254,5.328,5.813,5.4,5.227,5.187,5.998,5.136,3.43,4.119,5.768,5.233,4.858,6.815,5.221,6.105,4.439,5.34,5.318,6.122,7.565,4.931,6.273,5.1777,GA,CC,GA,GC,GG,GG,TT,TT,TT,CC,AA
27343,2,52.0528,18,1,23,1630232.8565,2.087,2.662,2.463,1.78,2.856,2.393,2.297,2.669,2.316,2.177,2.46,1.943,2.724,2.619,2.252,2.144,2.335,2.619,2.309,1.519,2.025,2.27,2.403,2.154,2.913,2.426,2.747,2.096,2.478,2.35,3.227,3.004,2.141,2.825,2.3516,2.055,2.694,2.525,1.756,2.964,2.567,2.191,2.642,2.36,2.213,2.679,1.991,2.753,2.658,2.469,2.3,2.473,2.597,2.3,1.676,2.008,2.178,2.478,2.169,2.975,2.524,2.744,2.019,2.499,2.311,3.031,3.501,2.051,2.789,2.3791,4.142,5.356,4.988,3.536,5.82,4.96,4.488,5.311,4.676,4.39,5.139,3.934,5.477,5.277,4.721,4.444,4.808,5.216,4.609,3.195,4.033,4.448,4.881,4.323,5.888,4.95,5.491,4.115,4.977,4.661,6.258,6.505,4.192,5.614,4.7307,AA,CC,GA,GC,GG,GG,TC,TT,TG,TC,AG
27393,2,38.7167,19,1,25,1384319.998,2.376,2.572,2.053,1.48,3.49,2.519,2.284,2.802,2.216,2.155,2.536,1.623,2.527,2.727,2.298,2.005,2.136,2.427,1.957,1.385,1.746,2.187,1.993,1.922,2.429,2.172,2.41,1.895,2.475,2.157,3.399,3.779,1.553,2.707,2.2173,2.205,2.436,2.212,1.547,3.158,2.531,2.293,2.707,2.274,2.152,2.434,1.73,2.433,2.555,2.718,2,2.317,2.506,2.384,1.314,1.824,2.178,2.063,2.027,2.668,2.257,2.295,1.879,2.272,2.192,2.893,3.353,1.73,2.671,2.2177,4.581,5.008,4.265,3.027,6.648,5.05,4.577,5.509,4.49,4.307,4.97,3.353,4.96,5.282,5.016,4.005,4.453,4.933,4.341,2.699,3.57,4.365,4.056,3.949,5.097,4.429,4.705,3.774,4.747,4.349,6.292,7.132,3.283,5.378,4.4349,AA,CT,GG,GG,GG,GG,CC,TC,TG,TT,AG
27840,2,29.2222,28,2,29,1309468.5358,2.4,3.159,2.591,2.082,3.448,2.807,2.54,2.686,2.764,2.186,2.911,2.007,2.751,2.773,2.497,2.623,2.546,2.766,2.866,1.656,1.986,2.796,2.618,2.521,3.047,2.629,2.967,2.276,2.634,2.59,3.179,3.869,2.432,3.332,2.5657,2.306,3.056,2.487,2.11,3.117,2.722,2.531,2.614,2.801,2.392,2.935,1.97,2.747,2.77,2.289,2.493,2.512,2.945,2.647,1.578,2.068,2.598,2.499,2.474,3.587,2.642,3.178,2.314,2.541,2.602,4.235,3.742,2.533,3.226,2.5709,4.706,6.215,5.078,4.192,6.565,5.529,5.071,5.3,5.565,4.578,5.846,3.977,5.498,5.543,4.786,5.116,5.058,5.711,5.513,3.234,4.054,5.394,5.117,4.995,6.634,5.271,6.145,4.59,5.175,5.192,7.414,7.611,4.965,6.558,5.1366,AA,TT,GG,GC,GG,TT,CC,CC,TT,TT,AA
28410,2,30.4667,23,1,20,1496977.9558,2.25,2.533,2.487,1.782,3.52,2.557,2.432,2.945,2.504,2.216,2.673,2.094,2.863,2.756,2.394,2.299,2.579,2.611,2.476,1.714,2.134,2.633,2.429,2.389,2.966,2.467,2.826,2.139,2.496,2.571,3.911,3.704,2.088,3.232,2.4751,2.281,3.356,2.619,1.892,3.136,2.594,2.371,2.829,2.513,2.212,2.806,2.041,2.924,2.703,2.337,2.386,2.392,2.867,2.578,1.767,2.071,2.567,2.475,2.342,3.081,2.364,2.873,2.158,2.642,2.353,3.203,3.882,2.41,3.11,2.4717,4.531,5.889,5.106,3.674,6.656,5.151,4.803,5.774,5.017,4.428,5.479,4.135,5.787,5.459,4.731,4.685,4.971,5.478,5.054,3.481,4.205,5.2,4.904,4.731,6.047,4.831,5.699,4.297,5.138,4.924,7.114,7.586,4.498,6.342,4.9467,AA,CT,GA,GG,GG,TT,CC,CC,TT,TT,AA
28670,2,45.6861,35,2,19,1348842.4146,2.301,2.684,2.579,1.821,3.182,2.722,2.365,2.759,2.489,2.362,2.805,2.031,3.017,2.864,2.635,2.615,2.455,2.838,2.65,1.613,2.22,2.577,2.595,2.301,2.931,2.552,2.884,2.172,2.634,2.538,3.641,3.571,2.418,3.061,2.5317,2.307,2.794,2.374,1.938,3.178,2.776,2.417,2.874,2.469,2.187,2.87,2.01,2.895,2.78,2.392,2.558,2.419,2.633,2.514,1.602,2.286,2.47,2.593,2.25,3.479,2.611,2.818,2.363,2.815,2.5,3.107,3.954,2.882,2.995,2.5325,4.608,5.478,4.953,3.759,6.36,5.498,4.782,5.633,4.958,4.549,5.675,4.041,5.912,5.644,5.027,5.173,4.874,5.471,5.164,3.215,4.506,5.047,5.188,4.551,6.41,5.163,5.702,4.535,5.449,5.038,6.748,7.525,5.3,6.056,5.0642,GA,CC,GA,GC,GC,TG,CC,TC,TG,TC,AA
30002,2,46.6222,19,1,27,1579425.546,2.146,2.989,2.437,1.979,3.515,2.537,2.313,2.645,2.251,2.252,2.539,1.924,2.664,2.705,2.705,2.304,2.448,2.553,2.365,1.721,1.987,2.279,2.478,2.154,2.919,2.459,2.68,2.055,2.423,2.318,3.015,3.408,1.971,2.989,2.3888,1.995,2.867,2.592,1.897,2.996,2.361,2.211,2.811,2.384,2.101,2.533,2.151,2.68,2.695,2.674,2.337,2.368,2.216,2.388,1.669,2.038,2.254,2.581,2.137,2.942,2.41,2.698,2.034,2.49,2.378,3.171,3.222,1.964,2.774,2.3835,4.141,5.856,5.029,3.876,6.511,4.898,4.524,5.456,4.635,4.353,5.072,4.075,5.344,5.4,5.379,4.641,4.816,4.769,4.753,3.39,4.025,4.533,5.059,4.291,5.861,4.869,5.378,4.089,4.913,4.696,6.186,6.63,3.935,5.763,4.7724,AA,TT,GG,GG,GG,TT,CC,CC,TT,TT,AA
30556,2,31.5417,23,1,24,1590601.7039,2.249,2.688,2.475,1.774,4.09,2.695,2.354,2.871,2.268,2.08,2.556,2.039,2.314,2.617,2.389,2.28,2.427,2.503,2.34,1.754,1.963,2.644,2.479,2.242,2.838,2.348,2.624,2.057,2.605,2.331,3.344,3.944,2.277,2.893,2.386,2.147,2.391,2.397,1.858,3.484,2.559,2.24,2.692,2.547,2.032,2.403,1.896,2.533,2.618,2.125,2.297,2.446,2.58,2.38,1.598,2.025,2.178,2.46,2.178,2.802,2.404,2.617,2.065,2.455,2.351,2.846,3.129,1.965,2.868,2.3366,4.396,5.079,4.872,3.632,7.574,5.254,4.594,5.563,4.815,4.112,4.959,3.935,4.847,5.235,4.514,4.577,4.873,5.083,4.72,3.352,3.988,4.822,4.939,4.42,5.64,4.752,5.241,4.122,5.06,4.682,6.19,7.073,4.242,5.761,4.7226,GA,CT,GA,GC,GC,TT,CC,CC,TT,TT,AG
30813,2,33.5222,23,2,24,1590149.9196,2.069,2.503,2.47,1.926,2.825,2.529,2.451,2.728,2.226,2.255,2.494,1.897,2.603,2.73,2.328,2.317,2.585,2.483,2.303,1.601,2.147,2.294,2.585,2.27,3.319,2.378,2.702,2.117,2.525,2.506,2.513,3.385,2.337,2.969,2.4149,2.315,2.46,2.457,1.926,2.591,2.41,2.472,2.582,2.137,2.187,2.533,1.85,2.558,2.647,2.288,2.471,2.372,2.412,2.389,1.662,2.268,2.413,2.594,2.278,2.722,2.436,2.716,2.16,2.314,2.338,3.295,3.429,2.281,2.965,2.4034,4.384,4.963,4.927,3.852,5.416,4.939,4.923,5.31,4.363,4.442,5.027,3.747,5.161,5.377,4.616,4.788,4.957,4.895,4.692,3.263,4.415,4.707,5.179,4.548,6.041,4.814,5.418,4.277,4.839,4.844,5.808,6.814,4.618,5.934,4.8183,GA,CC,GA,CC,GC,TT,CC,CC,TT,TT,AA
31476,2,41.4306,26,2,16,1408635.5171,2.547,3.209,2.502,1.792,3.219,2.568,2.434,2.88,2.228,2.127,2.747,1.924,2.764,2.61,1.994,2.257,2.531,2.85,2.591,1.626,1.916,2.423,2.441,2.216,3.055,2.408,2.764,2.002,2.45,2.434,3.082,3.169,2.272,3.063,2.4115,2.2,2.906,2.483,1.851,2.643,2.484,2.264,2.889,2.558,2.266,2.756,1.89,2.324,2.659,1.892,2.324,2.442,2.717,2.52,1.656,2.054,2.569,2.385,2.119,2.96,2.553,2.635,1.939,2.436,2.459,3.426,3.18,2.442,3.094,2.3904,4.747,6.115,4.985,3.643,5.862,5.052,4.698,5.769,4.786,4.393,5.503,3.814,5.088,5.269,3.886,4.581,4.973,5.567,5.111,3.282,3.97,4.992,4.826,4.335,6.015,4.961,5.399,3.941,4.886,4.893,6.508,6.349,4.714,6.157,4.8019,GG,CC,AA,CC,CC,TG,TC,TC,,TC,AA
31540,2,35.9944,18,1,25,1569013.7125,2.201,2.529,2.512,1.842,3.218,2.445,2.265,2.853,2.569,2.066,2.853,1.943,2.708,2.693,2.183,2.367,2.83,2.72,2.569,1.586,1.932,2.402,2.27,2.36,2.928,2.382,2.7,2.031,2.703,2.43,3.263,3.645,2.406,3.168,2.4097,2.365,2.788,2.39,1.926,3.04,2.456,2.233,2.722,2.538,2.099,2.811,1.868,2.985,2.639,2.298,2.311,2.611,2.664,2.551,1.545,2.037,2.549,2.421,2.178,3.233,2.257,2.575,2.047,2.818,2.448,3.502,3.452,2.52,3.045,2.4016,4.566,5.317,4.902,3.768,6.258,4.901,4.498,5.575,5.107,4.165,5.664,3.811,5.693,5.332,4.481,4.678,5.441,5.384,5.12,3.131,3.969,4.951,4.691,4.538,6.161,4.639,5.275,4.078,5.521,4.878,6.765,7.097,4.926,6.213,4.8112,GA,CT,GA,GC,GG,TG,TC,TC,TT,TC,AA
33072,2,27.8778,20,2,24,1394567.9758,2.328,3.224,2.592,1.92,2.777,2.53,2.406,2.693,2.421,2.22,2.847,2.1,2.581,2.656,2.217,2.408,2.421,2.61,2.44,1.501,2.082,2.361,2.447,2.375,2.966,2.674,2.858,2.213,2.543,2.492,3.312,2.557,2.212,3.102,2.472,2.364,2.656,2.641,1.909,3.043,2.494,2.548,2.52,2.638,2.236,2.768,2.144,2.644,2.582,2.581,2.493,2.511,2.908,2.198,1.613,2.09,2.482,2.484,2.423,3.056,2.605,2.822,2.253,2.519,2.55,3.617,3.357,2.123,3.025,2.4862,4.692,5.88,5.233,3.829,5.82,5.024,4.954,5.213,5.059,4.456,5.615,4.244,5.225,5.238,4.798,4.901,4.932,5.518,4.638,3.114,4.172,4.843,4.931,4.798,6.022,5.279,5.68,4.466,5.062,5.042,6.929,5.914,4.335,6.127,4.9582,GA,CT,GA,GC,GG,GG,CC,TT,GG,TC,AG
33427,2,20.2167,17,2,20,1511478.8368,2.459,2.836,2.643,2.009,2.898,2.406,2.504,2.746,2.465,2.23,2.72,1.849,2.839,2.852,1.971,2.497,2.637,2.824,2.661,1.629,1.982,2.618,2.364,2.408,3.369,2.49,2.852,2.17,2.461,2.469,3.261,3.869,2.336,2.998,2.4714,2.356,2.947,2.622,1.95,2.642,2.521,2.435,2.801,2.577,2.147,2.945,1.853,2.537,2.89,2.041,2.454,2.479,2.614,2.343,1.67,1.995,2.484,2.629,2.294,3.058,2.486,2.816,2.078,2.413,2.431,3.384,2.968,2.233,3.069,2.444,4.815,5.783,5.265,3.959,5.54,4.927,4.939,5.547,5.042,4.377,5.665,3.702,5.376,5.742,4.012,4.951,5.116,5.438,5.004,3.299,3.977,5.102,4.993,4.702,6.427,4.976,5.668,4.248,4.874,4.9,6.645,6.837,4.569,6.067,4.9153,GA,CT,AA,CC,GC,GG,TC,TT,TG,TC,AG
50006,1,35.2278,-9,1,28,1562195.509,2.672,2.369,2.68,1.784,3.585,2.601,2.392,2.704,2.472,2.107,2.579,1.915,2.344,2.94,2.783,2.361,2.426,2.547,2.507,1.618,2.145,2.362,2.515,2.273,2.984,2.532,2.762,2.138,2.743,2.5,2.515,4.047,2.254,3.241,2.4675,2.368,2.973,2.59,1.805,2.842,2.6,2.317,2.782,2.495,2.169,2.725,2.002,2.52,2.779,2.414,2.299,2.56,2.726,2.456,1.586,2.216,2.519,2.524,2.285,3.369,2.5,2.831,2.131,2.428,2.519,3.075,3.699,2.423,3.044,2.4759,5.04,5.342,5.27,3.589,6.427,5.201,4.709,5.486,4.967,4.276,5.304,3.917,4.864,5.719,5.197,4.66,4.986,5.273,4.963,3.204,4.361,4.881,5.039,4.558,6.353,5.032,5.593,4.269,5.171,5.019,5.59,7.746,4.677,6.285,4.9434,AA,CT,GG,GG,GG,TG,CC,TC,TG,TT,AG
50009,1,25.2611,-9,1,24,1541013.8936,2.83,3.452,2.847,1.928,3.001,2.96,2.609,2.772,2.897,2.347,2.879,1.979,2.919,2.825,2.507,2.427,2.824,2.982,2.975,1.628,2.203,2.888,2.672,2.515,3.074,2.765,3.096,2.212,2.84,2.814,3.382,3.135,2.338,3.403,2.6637,2.551,3.45,2.909,1.907,2.859,2.679,2.513,2.65,2.56,2.255,2.873,2.106,2.786,2.897,2.689,2.466,2.551,2.804,2.697,1.638,2.165,2.802,2.619,2.373,3.309,2.725,3.019,2.201,2.797,2.611,3.119,3.733,2.222,3.351,2.6011,5.381,6.902,5.756,3.835,5.86,5.639,5.122,5.422,5.457,4.602,5.752,4.085,5.705,5.722,5.196,4.893,5.375,5.786,5.672,3.266,4.368,5.69,5.291,4.888,6.383,5.49,6.115,4.413,5.637,5.425,6.501,6.868,4.56,6.754,5.2648,AA,CT,GG,GG,GC,TG,CC,TC,TG,TC,AA
50010,1,32.8222,-9,1,26,1541323.7676,2.63,3.467,2.66,1.979,3.061,2.619,2.562,2.991,2.863,2.431,2.939,2.06,2.52,2.915,2.551,2.644,2.726,2.893,2.586,1.668,2.275,3.061,2.59,2.636,3.314,2.683,2.831,2.247,2.789,2.71,3.212,4.007,2.533,3.356,2.6446,2.534,3.174,2.656,1.995,2.95,2.751,2.566,3.006,2.724,2.308,2.901,2.043,2.948,2.904,2.837,2.458,2.742,3.148,2.839,1.727,2.212,2.862,2.564,2.32,3.106,2.547,2.903,2.364,2.94,2.778,2.886,4.006,3.048,3.431,2.6455,5.164,6.641,5.316,3.974,6.011,5.37,5.128,5.997,5.587,4.739,5.84,4.103,5.468,5.819,5.388,5.102,5.468,6.041,5.425,3.395,4.487,5.923,5.154,4.956,6.42,5.23,5.734,4.611,5.729,5.488,6.098,8.013,5.581,6.787,5.2901,AA,TT,GG,GG,GG,TG,CC,TC,TG,TT,AG
50012,1,60.6556,-9,2,19,1294134.4486,2.455,3.036,2.532,1.838,3.644,2.616,2.389,2.979,2.402,2.301,2.506,1.929,2.515,3.035,2.479,2.378,2.504,2.61,2.388,1.704,2.042,2.54,2.495,2.237,3.052,2.45,2.794,2.09,2.691,2.344,3.343,4.168,2.053,3.053,2.4726,2.539,3.086,2.55,1.561,3.581,2.767,2.426,3.082,2.681,2.295,2.704,1.98,2.309,2.831,2.779,2.297,2.643,2.722,2.318,1.482,2.094,2.262,2.531,2.161,2.964,2.626,2.701,2.056,2.703,2.522,3.067,4.003,2.138,3.034,2.486,4.994,6.122,5.082,3.399,7.225,5.383,4.815,6.061,5.083,4.596,5.21,3.909,4.824,5.866,5.258,4.675,5.147,5.332,4.706,3.186,4.136,4.802,5.026,4.398,6.016,5.076,5.495,4.146,5.394,4.866,6.41,8.171,4.191,6.087,4.9586,AA,CT,GG,GG,GG,TG,CC,TC,TG,TT,AG
50014,1,31.9111,-9,1,24,1685234.3257,2.48,3.561,2.665,2.154,3.654,2.641,2.475,2.858,2.491,2.391,2.849,2.316,2.94,3.104,2.565,2.555,2.649,3.064,2.834,1.856,2.206,2.676,2.622,2.609,2.978,2.581,2.999,2.132,2.753,2.5,3.429,3.743,2.299,3.34,2.6148,2.397,2.634,2.583,2.296,3.138,2.691,2.671,2.909,2.71,2.375,2.911,2.075,3.256,2.95,2.188,2.605,2.903,2.63,2.527,1.805,2.129,2.63,2.545,2.394,2.984,2.612,2.993,2.253,2.912,2.539,3.464,4.351,2.126,3.312,2.6136,4.877,6.195,5.248,4.45,6.792,5.332,5.146,5.767,5.201,4.766,5.76,4.391,6.196,6.054,4.753,5.16,5.552,5.694,5.361,3.661,4.335,5.306,5.167,5.003,5.962,5.193,5.992,4.385,5.665,5.039,6.893,8.094,4.425,6.652,5.2284,GA,CT,GA,GC,GG,GG,TT,TT,TT,TC,AA
50016,1,46.8528,-9,1,13,1358873.2122,2.42,2.74,2.543,2.056,3.984,2.53,2.373,2.996,2.782,2.507,2.862,2.286,2.96,2.735,2.883,2.336,2.43,3.063,2.647,1.698,1.948,2.395,2.294,2.471,3.24,2.418,2.619,2.22,2.446,2.479,2.85,4.065,1.823,3.138,2.5015,2.173,2.48,2.399,1.846,3.588,2.633,2.467,2.905,2.538,2.204,2.824,2.027,2.633,3.079,2.591,2.355,2.477,2.973,2.617,1.598,1.908,2.447,2.141,2.365,2.971,2.396,2.629,2.257,2.5,2.367,2.911,4.053,2.114,2.956,2.4429,4.593,5.22,4.942,3.902,7.572,5.163,4.84,5.901,5.32,4.711,5.686,4.313,5.593,5.814,5.474,4.691,4.907,6.036,5.264,3.296,3.856,4.842,4.435,4.836,6.211,4.814,5.248,4.477,4.946,4.846,5.761,8.118,3.937,6.094,4.9445,AA,CC,GG,GG,GG,GG,TC,TT,TG,TC,AG
50024,1,31.1861,-9,1,24,1804385.9348,2.638,2.915,2.609,2.098,3.738,2.948,2.73,3.214,2.816,2.649,2.773,2.172,2.712,3.085,2.367,2.607,2.692,2.82,2.749,2.103,2.28,2.721,2.594,2.471,3.054,2.573,2.937,2.239,3.192,2.79,3.607,3.696,2.508,3.451,2.7006,2.695,3.159,2.611,1.95,3.417,2.875,2.645,2.843,2.666,2.325,2.984,2.159,2.977,3.012,2.305,2.506,2.653,3.089,2.676,2.329,2.247,2.797,2.65,2.595,3.049,2.593,2.969,2.296,2.764,2.714,4.122,3.738,2.547,3.348,2.6702,5.333,6.074,5.22,4.048,7.155,5.823,5.375,6.057,5.482,4.974,5.757,4.331,5.689,6.097,4.672,5.113,5.345,5.909,5.425,4.432,4.527,5.518,5.244,5.066,6.103,5.166,5.906,4.535,5.956,5.504,7.729,7.434,5.055,6.799,5.3708,AA,TT,GG,GG,GG,TG,CC,TC,TG,TC,AA
50032,1,54.1667,-9,2,26,1494443.727,2.428,2.964,2.673,1.906,3.329,2.819,2.67,2.875,2.572,2.384,2.759,2.03,2.921,2.714,2.851,2.471,2.631,3.014,2.621,1.752,2.17,2.697,2.556,2.408,2.732,2.69,2.833,2.273,2.649,2.715,3.594,3.215,2.419,3.208,2.5898,2.424,3.076,2.595,1.869,3.133,2.684,2.599,2.86,2.964,2.273,2.85,2.185,2.45,3.014,2.642,2.435,2.649,2.82,2.488,1.719,2.2,2.979,2.621,2.386,3.137,2.807,2.788,2.283,2.427,2.591,3.608,3.401,2.24,2.943,2.5768,4.852,6.04,5.268,3.775,6.462,5.503,5.269,5.735,5.536,4.657,5.609,4.215,5.371,5.728,5.493,4.906,5.28,5.834,5.109,3.471,4.37,5.676,5.177,4.794,5.869,5.497,5.621,4.556,5.076,5.306,7.202,6.616,4.659,6.151,5.1666,AA,CC,GA,GC,GC,TG,CC,TC,TG,TC,AA
50033,1,57.1389,-9,1,24,1427071.8303,2.356,2.88,2.571,1.994,3.617,2.508,2.445,2.732,2.348,2.317,2.681,1.972,2.684,2.856,2.443,2.327,2.629,2.518,2.635,1.645,1.944,2.468,2.525,2.219,2.853,2.485,2.771,2.184,2.641,2.486,3.139,3.48,2.565,3.277,2.4733,2.194,2.965,2.563,1.914,3.658,2.585,2.393,2.898,2.432,2.222,2.761,1.969,2.807,2.974,2.091,2.366,2.522,2.602,2.689,1.547,2.036,2.506,2.447,2.235,3.231,2.545,2.778,2.21,2.67,2.431,3.191,3.439,2.183,3.245,2.4806,4.55,5.845,5.134,3.908,7.275,5.093,4.838,5.63,4.78,4.539,5.442,3.941,5.491,5.83,4.534,4.693,5.151,5.12,5.324,3.192,3.98,4.974,4.972,4.454,6.084,5.03,5.549,4.394,5.311,4.917,6.33,6.919,4.748,6.522,4.9539,GA,CT,GA,GC,CC,TG,CC,TC,TG,TT,AG
50040,1,48.2083,-9,1,14,1311937.8159,2.227,2.895,2.431,1.747,3.369,2.571,2.302,3.188,2.292,2.155,2.749,1.905,2.637,2.871,2.315,2.464,2.545,2.614,2.598,1.534,1.891,2.652,2.466,2.331,3.075,2.621,2.878,2.13,2.497,2.37,3.245,4.214,2.1,2.93,2.4753,2.392,2.715,2.571,1.776,3.868,2.612,2.307,2.776,2.562,2.116,2.554,1.786,2.511,2.75,2.263,2.456,2.41,2.995,2.575,1.554,2.041,2.372,2.523,2.239,3.097,2.461,2.805,2.22,2.486,2.574,3.723,3.726,2.311,2.811,2.4496,4.619,5.61,5.002,3.523,7.237,5.183,4.609,5.964,4.854,4.271,5.303,3.691,5.148,5.621,4.578,4.92,4.955,5.609,5.173,3.088,3.932,5.024,4.989,4.57,6.172,5.082,5.683,4.35,4.983,4.944,6.968,7.94,4.411,5.741,4.9248,GA,CC,GA,GG,GG,GG,CC,TC,TG,TT,AG
50043,1,46.5806,-9,1,27,1506125.0029,2.44,2.869,2.518,1.829,3.249,2.552,2.318,2.998,2.524,2.216,2.752,1.865,2.677,2.869,2.671,2.296,2.569,2.65,2.563,1.581,2.124,2.403,2.361,2.375,2.978,2.38,2.765,2.152,2.688,2.322,3.148,3.352,2.19,3.132,2.4492,2.231,3.011,2.325,1.78,2.867,2.782,2.333,2.85,2.58,2.141,2.91,1.971,2.814,2.705,2.643,2.254,2.471,2.508,2.429,1.732,1.991,2.436,2.425,2.264,3.312,2.535,2.718,2.098,2.468,2.294,3.232,3.568,2.106,2.941,2.4206,4.671,5.88,4.843,3.609,6.116,5.334,4.651,5.848,5.104,4.357,5.662,3.836,5.491,5.574,5.314,4.55,5.04,5.158,4.992,3.313,4.115,4.839,4.786,4.639,6.29,4.915,5.483,4.25,5.156,4.616,6.38,6.92,4.296,6.073,4.8699,AA,TT,GG,GG,GG,TG,TC,TC,TT,TC,AA
50046,1,32.225,-9,1,19,1649404.6912,2.562,3.215,2.45,2.073,2.817,2.645,2.675,2.62,2.606,2.278,2.902,2.015,2.508,3.102,2.305,2.682,2.595,2.673,2.646,1.592,2.181,2.819,2.601,2.319,2.726,2.604,2.958,2.202,2.807,2.647,2.93,3.613,2.484,3.299,2.5677,2.684,2.813,2.792,2.106,2.959,2.572,2.338,2.584,2.668,2.278,2.889,2.045,2.665,2.948,2.474,2.452,2.61,3.015,2.527,1.763,2.189,2.469,2.648,2.353,3.167,2.521,2.929,2.28,2.678,2.586,3.243,3.838,2.249,3.133,2.5439,5.246,6.028,5.242,4.179,5.776,5.217,5.013,5.204,5.274,4.556,5.791,4.06,5.173,6.05,4.779,5.134,5.205,5.688,5.173,3.355,4.37,5.288,5.249,4.672,5.893,5.125,5.887,4.482,5.485,5.233,6.173,7.451,4.733,6.432,5.1116,GA,CC,GA,GC,GC,TG,CC,TC,TG,TC,AA
50048,1,20.7278,-9,1,18,1337834.1978,3.108,3.154,2.665,1.812,3.555,2.904,2.589,2.973,2.686,2.396,2.955,2.137,2.633,3.029,2.56,2.518,2.909,3.119,3.161,1.652,2.112,2.681,2.545,2.534,2.918,2.69,2.949,2.312,2.78,2.78,3.204,4.312,2.3,3.434,2.6596,2.316,3.315,2.777,1.788,2.976,2.709,2.664,3.033,2.767,2.337,2.852,1.994,2.955,2.984,2.289,2.495,2.714,2.818,2.651,1.8,2.139,2.572,2.554,2.583,3.538,2.726,3.145,2.262,2.873,2.555,3.629,4.203,2.288,3.286,2.6485,5.424,6.469,5.442,3.6,6.531,5.613,5.253,6.006,5.453,4.733,5.807,4.131,5.588,6.013,4.849,5.013,5.623,5.937,5.812,3.452,4.251,5.253,5.099,5.117,6.456,5.416,6.094,4.574,5.653,5.335,6.833,8.515,4.588,6.72,5.308,AA,CT,GG,GG,GG,TG,TC,TC,TT,TC,AA
50057,1,31.8111,-9,1,27,1802801.6495,2.454,2.814,2.307,1.823,2.866,2.491,2.342,2.85,2.531,2.043,2.736,2.086,2.571,2.968,2.62,2.368,2.445,2.309,2.228,1.496,2.113,2.532,2.424,2.058,2.741,2.436,2.66,2.117,2.602,2.613,2.724,3.623,2.159,3.198,2.4182,2.338,2.979,2.477,1.768,2.858,2.459,2.219,2.851,2.241,2.165,2.566,1.987,2.761,2.757,2.434,2.27,2.259,2.652,2.144,1.707,2.032,2.387,2.452,2.179,3.308,2.393,2.648,2.071,2.603,2.402,2.847,3.882,2.441,3.12,2.3987,4.792,5.793,4.784,3.591,5.724,4.95,4.561,5.701,4.772,4.208,5.302,4.073,5.332,5.725,5.054,4.638,4.704,4.961,4.372,3.203,4.145,4.919,4.876,4.237,6.049,4.829,5.308,4.188,5.205,5.015,5.571,7.505,4.6,6.318,4.8169,AA,TT,GG,GG,GG,TT,CC,CC,TT,TT,AA
50082,1,21.2944,-9,2,14,1499370.418,2.694,2.764,2.519,1.946,4.098,2.666,2.371,2.848,2.427,2.17,2.806,1.87,2.686,2.841,2.367,2.212,2.657,2.872,2.476,1.749,2.043,2.624,2.608,2.287,3.31,2.476,2.812,2.069,2.903,2.56,3.107,3.189,2.632,3.222,2.5059,2.303,2.78,2.532,1.736,3.121,2.53,2.299,2.77,2.241,2.186,2.785,1.887,2.739,2.869,2.581,2.292,2.533,2.762,2.314,1.574,2.039,2.354,2.489,2.128,3.101,2.474,2.774,2.042,2.596,2.454,3.215,2.988,2.181,3.091,2.4332,4.997,5.544,5.051,3.682,7.219,5.196,4.67,5.618,4.668,4.356,5.591,3.757,5.425,5.71,4.948,4.504,5.19,5.634,4.79,3.323,4.082,4.978,5.097,4.415,6.411,4.95,5.586,4.111,5.499,5.014,6.322,6.177,4.813,6.313,4.9391,AA,TT,GG,GG,GG,TG,TC,TC,TT,TT,AA
50093,1,29.2,-9,1,15,1579075.5979,2.73,2.878,2.69,1.938,2.744,2.63,2.455,2.743,2.719,2.214,2.5,1.95,2.461,3.06,2.429,2.446,2.361,2.855,2.509,1.609,2.079,2.589,2.662,2.257,3.061,2.475,2.948,2.079,2.696,2.528,2.946,3.694,2.42,3.185,2.5091,2.216,2.88,2.606,1.82,2.961,2.601,2.331,2.838,2.398,2.224,2.726,1.836,2.936,2.759,2.431,2.646,2.56,2.736,2.662,1.657,2.118,2.544,2.629,2.222,2.863,2.549,2.928,2.23,2.647,2.457,2.538,3.261,2.105,3.24,2.5088,4.946,5.758,5.296,3.758,5.705,5.231,4.786,5.581,5.117,4.438,5.226,3.786,5.397,5.819,4.86,5.092,4.921,5.591,5.171,3.266,4.197,5.133,5.291,4.479,5.924,5.024,5.876,4.309,5.343,4.985,5.484,6.955,4.525,6.425,5.0178,AA,TT,GG,GG,GG,TT,CC,CC,TT,TT,AA
50102,1,34.0306,-9,2,23,1397706.2469,2.634,2.877,2.558,1.967,3.41,2.557,2.402,2.831,2.431,2.483,2.575,2.102,2.631,2.803,2.456,2.352,2.589,2.341,2.628,1.62,2.249,2.636,2.509,2.368,3.203,2.693,2.799,2.234,2.666,2.56,3.292,3.775,2.381,3.198,2.5286,2.628,2.983,2.674,1.991,3.186,2.78,2.412,2.879,2.193,2.291,2.885,2.101,2.779,2.91,2.21,2.456,2.419,2.851,2.836,1.65,2.223,2.552,2.597,2.216,3.329,2.614,2.871,2.232,2.707,2.64,3.042,3.528,2.014,3.205,2.5492,5.262,5.86,5.232,3.958,6.596,5.337,4.814,5.71,4.624,4.774,5.46,4.203,5.41,5.713,4.666,4.808,5.008,5.192,5.464,3.27,4.472,5.188,5.106,4.584,6.532,5.307,5.67,4.466,5.373,5.2,6.334,7.303,4.395,6.403,5.0778,GA,CC,GA,GC,GC,GG,TT,TT,TT,TC,AA
50104,1,36.6083,-9,1,28,1670624.0637,2.767,2.798,2.445,2.009,3.056,2.636,2.37,3.045,2.64,2.388,2.776,2.145,2.631,2.975,2.595,2.358,2.649,2.658,2.785,1.569,1.991,2.659,2.448,2.356,3.102,2.369,2.597,2.158,2.655,2.515,2.917,3.277,2.34,3.191,2.4802,2.216,3.024,2.652,1.859,3.086,2.623,2.324,2.922,2.618,2.294,2.737,2.084,2.782,2.84,2.323,2.45,2.439,2.467,2.454,1.549,2,2.561,2.464,2.3,2.77,2.417,2.704,2.154,2.685,2.408,3.557,3.901,2.26,3.248,2.4607,4.983,5.822,5.097,3.868,6.142,5.259,4.694,5.967,5.258,4.682,5.513,4.229,5.413,5.815,4.918,4.808,5.088,5.125,5.239,3.118,3.991,5.22,4.912,4.656,5.872,4.786,5.301,4.312,5.34,4.923,6.474,7.178,4.6,6.439,4.9409,GA,CT,GA,GC,GC,TG,TC,TC,TT,TC,AA
50106,1,42.2028,-9,2,23,1366323.9891,2.669,3.03,2.887,2.11,2.942,2.866,2.854,3.063,2.642,2.504,2.699,2.261,2.827,2.945,2.705,2.479,2.895,2.702,2.715,1.619,2.139,2.587,2.795,2.503,3.032,2.691,3.106,2.367,2.695,2.819,3.361,3.882,2.315,3.145,2.6781,2.483,3.068,2.639,2.155,2.92,2.893,2.645,3.099,2.672,2.335,2.849,2.003,3.051,2.845,2.545,2.53,2.653,2.828,2.324,1.615,2.193,2.387,2.719,2.338,3.164,2.703,3.079,2.404,2.728,2.844,2.758,3.571,2.395,3.198,2.6402,5.152,6.098,5.526,4.265,5.862,5.759,5.499,6.162,5.314,4.839,5.548,4.264,5.878,5.79,5.25,5.009,5.548,5.53,5.039,3.234,4.332,4.974,5.514,4.841,6.196,5.394,6.185,4.771,5.423,5.663,6.119,7.453,4.71,6.343,5.3182,AA,CT,GA,GC,CC,TT,CC,CC,TT,TT,AA
56039,2,28.7028,21,1,11,1718610.3017,2.482,3.123,2.746,2.27,3.855,2.939,2.606,3.068,2.54,2.594,2.78,2.033,2.944,3.128,2.272,2.33,2.741,2.957,2.772,1.875,2.231,2.567,2.581,2.69,3.246,2.531,3.015,2.26,2.835,2.601,3.206,4.103,2.75,3.372,2.6726,2.535,3.404,2.783,2.179,3.274,2.837,2.641,2.913,2.475,2.603,3.141,2.136,3.101,2.995,3.007,2.56,2.685,3.127,2.756,1.799,2.235,2.882,2.676,2.47,3.288,2.703,2.967,2.191,2.789,2.634,3.022,3.814,2.356,3.341,2.6875,5.017,6.527,5.529,4.449,7.129,5.776,5.247,5.981,5.015,5.197,5.921,4.169,6.045,6.123,5.279,4.89,5.426,6.084,5.528,3.674,4.466,5.449,5.257,5.16,6.534,5.234,5.982,4.451,5.624,5.235,6.228,7.917,5.106,6.713,5.3601,AA,CC,GG,GG,GG,TG,TC,TC,TT,TC,AA
85965,2,38.9639,28,2,22,1408377.5441,2.563,3.014,2.751,2.026,2.953,2.827,2.718,2.948,2.476,2.338,2.932,2.143,2.628,2.86,2.461,2.598,2.46,2.664,2.53,1.699,2.262,2.627,2.672,2.405,2.791,2.675,2.992,2.272,2.641,2.575,3.286,3.216,2.241,3.252,2.5977,2.414,3.228,2.598,2.282,2.453,2.62,2.554,2.777,2.56,2.272,2.719,2.065,2.622,2.849,2.463,2.417,2.576,2.897,2.649,1.746,2.138,2.62,2.66,2.465,3.049,2.667,2.933,2.338,2.482,2.449,3.601,3.146,2.214,3.198,2.5501,4.977,6.242,5.349,4.308,5.406,5.447,5.272,5.725,5.036,4.61,5.651,4.208,5.25,5.709,4.924,5.015,5.036,5.561,5.179,3.445,4.4,5.247,5.332,4.87,5.84,5.342,5.925,4.61,5.123,5.024,6.887,6.362,4.455,6.45,5.1477,AA,TT,GG,GG,GG,TG,CC,TC,TG,TC,AA
86803,1,50.5861,-9,1,27,1542847.9154,2.767,2.717,2.738,1.863,3.404,2.797,2.543,2.959,2.894,2.339,2.75,1.968,2.61,3.144,2.36,2.573,2.698,2.992,2.737,1.586,2.222,2.74,2.651,2.417,2.888,2.563,2.957,2.287,2.795,2.681,3.161,3.863,2.544,3.252,2.6201,2.545,2.937,2.669,2.046,3.606,2.819,2.581,3.145,2.77,2.404,2.933,2.043,2.705,3.308,2.48,2.602,2.761,2.865,2.742,1.605,2.22,2.305,2.682,2.488,2.959,2.621,2.996,2.304,2.885,2.747,2.907,3.715,2.612,3.296,2.6668,5.312,5.654,5.407,3.909,7.01,5.616,5.124,6.104,5.664,4.743,5.683,4.011,5.315,6.452,4.84,5.175,5.459,5.857,5.479,3.191,4.442,5.045,5.333,4.905,5.847,5.184,5.953,4.591,5.68,5.428,6.068,7.578,5.156,6.548,5.287,GA,CC,GG,GG,GG,TG,CC,TC,TG,TT,AG
86928,1,37.5667,-9,2,24,1488989.3257,1.989,2.921,2.337,1.933,3.332,2.436,2.413,2.823,2.546,2.274,2.642,1.961,2.597,2.824,2.076,2.219,2.533,2.794,2.239,1.412,2.063,2.563,2.271,2.156,3.142,2.407,2.73,2.079,2.414,2.474,3.215,4.364,2.293,3.145,2.4085,2.079,3.134,2.502,1.813,3.042,2.677,2.295,3.116,2.565,2.125,2.773,1.977,2.881,2.638,1.99,2.265,2.367,2.745,2.308,1.443,2.173,2.385,2.363,2.18,2.963,2.499,2.661,2.024,2.605,2.435,3.004,3.179,2.166,3.119,2.4233,4.068,6.055,4.839,3.746,6.374,5.113,4.708,5.939,5.111,4.399,5.415,3.938,5.478,5.462,4.066,4.484,4.9,5.539,4.547,2.855,4.236,4.948,4.634,4.336,6.105,4.906,5.391,4.103,5.019,4.909,6.219,7.543,4.459,6.264,4.8318,AA,TT,GA,GC,CC,TT,CC,CC,TT,TT,AA
87325,1,42.1444,-9,2,27,1336020.9998,2.467,3.108,2.492,1.994,3.396,2.609,2.436,2.719,2.794,2.457,2.655,2.177,2.542,2.931,2.409,2.36,2.553,2.716,2.757,1.635,2.287,2.412,2.552,2.356,2.901,2.566,2.839,2.263,2.737,2.449,2.945,3.457,2.327,3.267,2.5451,2.38,2.803,2.492,1.969,2.762,2.768,2.418,2.902,2.727,2.468,3.011,2.068,2.666,2.75,2.337,2.415,2.677,3.088,2.703,1.583,2.297,2.43,2.493,2.508,2.836,2.586,2.811,2.305,2.727,2.601,3.805,2.948,2.641,3.238,2.5655,4.847,5.911,4.984,3.963,6.158,5.377,4.854,5.621,5.521,4.925,5.666,4.245,5.208,5.681,4.746,4.775,5.23,5.804,5.46,3.218,4.584,4.842,5.045,4.864,5.737,5.152,5.65,4.568,5.464,5.05,6.75,6.405,4.968,6.505,5.1106,GA,CT,GA,GC,GG,TT,CC,CC,TT,TT,AA
87326,1,32.175,-9,1,26,1857013.7682,2.591,2.961,2.788,2.057,3.203,2.791,2.682,2.917,2.735,2.384,2.881,2.072,2.858,3.134,2.921,2.512,2.835,2.71,2.78,1.544,2.225,2.729,2.545,2.527,3.289,2.716,3.084,2.303,2.817,2.672,3.598,3.972,2.319,3.282,2.6539,2.425,3.191,2.701,1.943,3.313,2.765,2.512,2.876,2.655,2.228,2.965,2.09,2.854,2.897,3.091,2.452,2.683,2.637,2.674,1.532,2.21,2.556,2.647,2.371,3.236,2.715,3.048,2.327,2.892,2.678,3.512,3.876,2.409,3.033,2.6143,5.016,6.152,5.489,4,6.516,5.556,5.194,5.793,5.39,4.612,5.846,4.162,5.712,6.031,6.012,4.964,5.518,5.347,5.454,3.076,4.435,5.285,5.192,4.898,6.525,5.431,6.132,4.63,5.709,5.35,7.11,7.848,4.728,6.315,5.2682,AA,TT,GG,GG,GG,TT,CC,CC,TT,TT,AA
87402,1,33.2194,-9,1,30,1749820.1478,2.207,2.809,2.706,2.029,3.369,2.59,2.387,2.738,2.332,2.255,2.664,2.064,2.748,2.73,2.484,2.425,2.569,2.926,2.441,1.692,2.03,2.6,2.456,2.258,3.128,2.478,2.852,2.15,2.415,2.476,3.38,3.741,2.236,3.4,2.4672,2.091,2.699,2.601,1.944,2.989,2.528,2.461,2.809,2.248,2.211,2.635,2.002,2.89,2.599,2.488,2.215,2.591,2.745,2.458,1.632,2.064,2.573,2.536,2.285,2.976,2.498,2.821,2.187,2.471,2.429,2.493,3.294,2.134,3.376,2.4536,4.298,5.508,5.307,3.973,6.358,5.118,4.848,5.547,4.58,4.466,5.299,4.066,5.638,5.329,4.972,4.64,5.16,5.671,4.899,3.324,4.094,5.173,4.992,4.543,6.104,4.976,5.673,4.337,4.886,4.905,5.873,7.035,4.37,6.776,4.9208,AA,CC,GG,GC,GC,TG,TC,TC,TT,TC,AA
87410,1,45.0667,-9,1,30,1588952.1316,2.559,3.164,2.498,2.01,3.161,2.855,2.445,3.111,2.812,2.332,2.856,2.052,2.995,2.978,2.808,2.307,2.524,2.506,2.567,1.593,2.012,2.446,2.446,2.191,3.223,2.363,2.766,2.108,2.885,2.424,3.053,3.933,2.101,3.118,2.5037,2.266,3.291,2.539,1.873,2.75,2.632,2.354,2.645,2.764,2.36,2.577,2.058,2.991,2.743,2.484,2.303,2.478,2.465,2.537,1.617,2.047,2.565,2.413,2.19,3.489,2.411,2.704,2.093,2.754,2.326,3.074,3.656,2.216,3.236,2.4552,4.825,6.455,5.037,3.883,5.911,5.487,4.799,5.756,5.576,4.692,5.433,4.11,5.986,5.721,5.292,4.61,5.002,4.971,5.104,3.21,4.059,5.011,4.859,4.381,6.712,4.774,5.47,4.201,5.639,4.75,6.127,7.589,4.317,6.354,4.9589,AA,CC,AA,GC,GC,TG,TC,TC,TT,TC,AA
87411,1,42.5944,-9,1,29,1536995.8284,2.497,2.45,2.444,1.806,3.792,2.616,2.525,2.69,2.456,2.237,2.656,1.985,2.502,2.894,2.765,2.23,2.581,2.486,2.426,1.562,2.147,2.659,2.478,2.267,3.273,2.375,2.627,2.058,2.764,2.589,2.619,3.721,2.582,3.11,2.4578,2.165,2.44,2.443,1.849,3.15,2.521,2.373,2.685,2.511,2.163,2.821,1.901,2.618,2.692,2.842,2.334,2.59,2.633,2.419,1.549,2.091,2.587,2.472,2.292,2.772,2.48,2.625,2.205,2.673,2.522,3.195,3.58,2.064,3.22,2.4336,4.662,4.89,4.887,3.655,6.942,5.137,4.898,5.375,4.967,4.4,5.477,3.886,5.12,5.586,5.607,4.564,5.171,5.119,4.845,3.111,4.238,5.246,4.95,4.559,6.045,4.855,5.252,4.263,5.437,5.111,5.814,7.301,4.646,6.33,4.8914,GA,CT,GA,GC,GC,TT,CC,CC,TT,TT,AA
87537,1,26.6083,-9,1,22,1835129.8722,2.449,2.958,2.74,1.818,2.831,2.462,2.442,2.702,2.351,2.22,2.65,2.06,2.66,2.75,2.387,2.561,2.53,2.886,2.77,1.832,2.144,2.632,2.61,2.33,3.166,2.49,2.825,2.107,2.683,2.656,2.936,3.949,2.304,3.177,2.5126,2.508,2.84,2.63,1.857,2.392,2.552,2.435,2.67,2.49,2.155,2.79,2.012,2.792,2.746,2.972,2.452,2.616,2.771,2.485,1.57,2.108,2.447,2.637,2.185,2.735,2.37,2.817,2.076,2.674,2.459,2.745,3.297,2.109,3.23,2.472,4.957,5.798,5.37,3.675,5.223,5.014,4.877,5.372,4.841,4.375,5.44,4.072,5.452,5.496,5.359,5.013,5.146,5.657,5.255,3.402,4.252,5.079,5.247,4.515,5.901,4.86,5.642,4.183,5.357,5.115,5.681,7.246,4.413,6.407,4.9846,GA,CT,GA,GC,GC,GG,TT,TT,TT,TC,AA
87693,1,46.9278,-9,2,26,1483551.5638,2.584,3.292,2.722,2.133,2.99,2.734,2.555,2.828,2.631,2.526,2.768,2.413,2.69,2.905,2.667,2.487,2.834,2.693,2.415,1.796,2.183,2.764,2.522,2.56,2.945,2.697,2.833,2.349,2.856,2.629,3.257,3.844,2.464,3.195,2.6264,2.641,3.707,2.607,2.227,2.813,2.855,2.661,3.047,2.581,2.499,2.913,2.098,2.864,2.861,2.471,2.408,2.556,2.641,2.586,1.753,2.176,2.407,2.611,2.443,3.322,2.598,2.917,2.301,2.59,2.594,3.183,3.577,2.586,3.239,2.6247,5.225,6.999,5.329,4.36,5.803,5.589,5.216,5.875,5.212,5.025,5.681,4.511,5.554,5.766,5.138,4.895,5.39,5.334,5.001,3.549,4.359,5.171,5.133,5.003,6.267,5.295,5.75,4.65,5.446,5.223,6.44,7.421,5.05,6.434,5.2511,AA,CT,GG,GG,GG,TT,CC,CC,TT,TT,AA
88389,1,39.3333,-9,2,21,1294119.6911,2.318,2.852,2.698,1.837,3.162,2.574,2.586,2.91,2.45,2.329,2.901,1.818,3.005,2.797,2.381,2.498,2.424,2.784,2.386,1.707,2.126,2.557,2.539,2.32,2.953,2.515,2.905,2.265,2.496,2.499,3.236,3.437,2.139,3.177,2.5147,2.506,3.077,2.694,1.776,3.483,2.514,2.5,3.065,2.678,2.182,2.978,1.988,3.03,2.758,2.606,2.521,2.517,2.843,2.42,1.488,2.14,2.543,2.534,2.303,3.226,2.704,2.908,2.442,2.555,2.487,3.089,3.574,2.23,3.162,2.5433,4.824,5.929,5.392,3.613,6.645,5.088,5.086,5.975,5.128,4.511,5.879,3.806,6.035,5.555,4.987,5.019,4.941,5.627,4.806,3.195,4.266,5.1,5.073,4.623,6.179,5.219,5.813,4.707,5.051,4.986,6.325,7.011,4.369,6.339,5.058,GA,CC,GA,GC,GC,TG,CC,TC,TG,TC,AA
88612,1,27.6389,-9,2,26,1402119.1313,2.613,3.13,2.626,2.159,3.418,2.921,2.633,3.081,3.01,2.49,2.646,2.27,2.533,2.866,2.696,2.472,2.699,2.903,2.573,1.853,2.196,2.732,2.565,2.493,3.136,2.518,2.793,2.231,2.736,2.795,3.258,3.847,2.788,3.194,2.632,2.509,3.175,2.534,2.149,3.08,2.652,2.529,3.116,2.832,2.331,2.819,2.199,2.574,2.688,3.05,2.52,2.493,2.689,2.429,1.653,2.169,2.88,2.634,2.331,3.074,2.466,2.866,2.121,2.746,2.447,2.896,4.139,2.448,3.281,2.5712,5.122,6.305,5.16,4.308,6.498,5.573,5.162,6.197,5.842,4.821,5.465,4.469,5.107,5.554,5.746,4.992,5.192,5.592,5.002,3.506,4.365,5.612,5.199,4.824,6.21,4.984,5.659,4.352,5.482,5.242,6.154,7.986,5.236,6.475,5.2032,AA,CT,GG,GC,GG,TG,CC,TC,TG,TT,AG
88652,1,28.525,-9,1,18,1537085.1705,2.393,3.108,2.568,1.91,3.685,2.789,2.225,2.798,2.438,2.301,2.771,2.153,2.314,2.977,2.705,2.369,2.615,2.609,2.595,1.581,2.004,2.78,2.451,2.288,3.029,2.413,2.729,2.137,2.798,2.413,2.519,3.778,2.265,3.199,2.4857,2.259,3.278,2.671,1.723,3.233,2.791,2.258,2.966,2.29,2.025,2.961,2.075,2.44,2.752,2.73,2.347,2.642,2.561,2.488,1.629,2.041,2.424,2.453,2.183,3.028,2.445,2.733,2.087,2.594,2.331,3.245,4.161,2.252,3.12,2.45,4.652,6.386,5.239,3.633,6.918,5.58,4.483,5.764,4.728,4.326,5.732,4.228,4.754,5.729,5.435,4.716,5.257,5.17,5.083,3.21,4.045,5.204,4.904,4.471,6.057,4.858,5.462,4.224,5.392,4.744,5.764,7.939,4.517,6.319,4.9357,AA,CT,GA,GG,GG,GG,TC,,TG,TC,AG
88680,1,52.6611,-9,2,14,1432361.9392,2.545,2.787,2.571,1.863,2.71,2.603,2.454,3.003,2.389,2.43,2.624,2.069,2.792,2.834,1.986,2.266,2.464,2.794,2.523,1.581,2.073,2.384,2.57,2.331,3.128,2.57,2.787,2.24,2.686,2.375,3.836,2.878,2.364,3.193,2.4982,2.328,2.675,2.642,1.893,2.794,2.692,2.298,2.92,2.498,2.254,2.786,1.957,2.772,2.864,2.043,2.331,2.588,2.826,2.474,1.756,2.155,2.297,2.475,2.289,2.722,2.535,2.756,2.2,2.815,2.379,3.372,2.999,2.43,3.188,2.497,4.873,5.462,5.213,3.756,5.504,5.295,4.752,5.923,4.887,4.684,5.41,4.026,5.564,5.698,4.029,4.597,5.052,5.62,4.997,3.337,4.228,4.681,5.045,4.62,5.85,5.105,5.543,4.44,5.501,4.754,7.208,5.877,4.794,6.381,4.9953,GA,CC,GA,GC,GG,GG,TC,,TG,CC,AA
88813,1,32.6639,-9,1,28,1565805.8491,2.393,3.206,2.606,2.03,3.538,2.58,2.661,2.964,2.501,2.369,2.732,2.177,2.966,2.926,3.199,2.366,2.589,2.843,2.465,1.677,1.961,2.533,2.465,2.479,3.415,2.498,2.765,2.099,2.674,2.604,3.572,3.674,2.391,3.204,2.5395,2.564,2.868,2.588,2.056,3.551,2.812,2.404,3.211,2.767,2.349,2.767,2.098,2.602,3.051,2.595,2.325,2.56,3.014,2.795,1.511,2.242,2.677,2.483,2.315,2.918,2.589,2.766,2.105,2.609,2.518,2.99,3.55,2.313,3.166,2.5456,4.957,6.074,5.194,4.086,7.089,5.392,5.065,6.175,5.268,4.718,5.499,4.275,5.568,5.977,5.794,4.691,5.149,5.857,5.26,3.188,4.203,5.21,4.948,4.794,6.333,5.087,5.531,4.204,5.283,5.122,6.562,7.224,4.704,6.37,5.0852,GA,,GA,GC,CC,TT,CC,,TT,TT,AA
88830,2,40.2806,22,1,28,1715986.9067,2.279,2.878,2.416,1.805,2.752,2.427,2.404,2.559,2.179,2.183,2.746,1.894,2.776,2.59,2.14,2.217,2.291,2.998,2.385,1.507,2.023,2.443,2.426,2.075,3.064,2.468,2.664,1.944,2.328,2.343,3.022,3.706,1.854,3.084,2.3513,1.941,2.84,2.347,1.839,2.819,2.306,2.145,2.694,2.243,2.072,2.524,1.849,2.452,2.401,2.255,2.189,2.325,2.646,2.296,1.456,2.021,2.288,2.415,2.09,2.746,2.503,2.59,1.977,2.417,2.163,3.036,3.492,2.027,2.897,2.2899,4.22,5.718,4.763,3.644,5.571,4.733,4.549,5.253,4.422,4.255,5.27,3.743,5.228,4.991,4.395,4.406,4.616,5.644,4.681,2.963,4.044,4.731,4.841,4.165,5.81,4.971,5.254,3.921,4.745,4.506,6.058,7.198,3.881,5.981,4.6412,AA,CT,GA,GC,GG,TG,CC,TC,TG,TC,AA
88864,1,37.0056,-9,1,25,1526505.9092,2.324,3.122,2.624,1.963,2.851,2.705,2.349,2.731,2.761,2.229,2.902,2.139,3.04,2.833,2.311,2.494,2.564,2.795,2.614,1.851,2.062,2.88,2.51,2.254,3.288,2.562,2.899,2.216,2.802,2.701,4.156,4.133,2.486,3.346,2.5555,2.368,2.853,2.574,2.036,2.964,2.669,2.491,2.954,2.671,2.275,2.891,2.094,3.414,2.822,2.46,2.436,2.513,2.923,2.793,1.785,2.045,2.613,2.447,2.278,3.401,2.474,2.967,2.229,2.865,2.44,2.811,4.564,2.675,3.358,2.5647,4.692,5.975,5.198,3.999,5.815,5.374,4.84,5.685,5.432,4.504,5.793,4.233,6.454,5.655,4.771,4.93,5.077,5.718,5.407,3.636,4.107,5.493,4.957,4.532,6.689,5.036,5.866,4.445,5.667,5.141,6.967,8.697,5.161,6.704,5.1202,AA,CT,GA,GC,GC,TT,CC,CC,TT,TT,AA
88865,1,53.6833,-9,2,20,1387781.8701,2.274,3.003,2.524,2.051,3.074,2.566,2.523,2.871,2.669,2.394,2.652,2.104,2.887,2.808,2.081,2.561,2.611,2.711,2.506,1.795,2.029,2.48,2.379,2.476,3.495,2.507,2.797,2.219,2.482,2.424,3.364,3.429,2.617,2.952,2.4878,2.49,2.74,2.612,2.053,2.632,2.553,2.536,2.859,2.555,2.434,2.901,2.116,3.012,2.838,2.003,2.481,2.549,2.751,2.616,1.705,2.219,2.322,2.425,2.349,2.959,2.578,2.702,2.241,2.487,2.513,3.606,3.475,2.582,2.878,2.5064,4.764,5.743,5.136,4.104,5.706,5.119,5.059,5.73,5.224,4.828,5.553,4.22,5.899,5.646,4.084,5.042,5.16,5.462,5.122,3.5,4.248,4.802,4.804,4.825,6.454,5.085,5.499,4.46,4.969,4.937,6.97,6.904,5.199,5.83,4.9942,GA,CT,GA,GG,GC,TG,CC,CC,TT,TT,AA
88965,1,34.5389,-9,1,26,1716151.434,2.336,3.002,2.552,2.009,3.085,2.492,2.377,2.602,2.76,2.251,2.702,2.03,3.018,2.722,2.46,2.422,2.591,2.904,2.5,1.627,2.07,2.792,2.402,2.373,3.25,2.589,2.886,2.152,2.795,2.474,3.283,4.282,2.473,3.113,2.5054,2.392,2.863,2.635,1.956,2.749,2.436,2.451,2.743,2.532,2.301,2.731,2.097,2.664,2.919,2.783,2.358,2.613,2.669,2.595,1.784,2.038,2.561,2.514,2.33,2.813,2.495,2.855,2.164,2.726,2.605,3.315,3.879,2.552,3.096,2.5141,4.728,5.865,5.187,3.965,5.834,4.928,4.828,5.345,5.292,4.552,5.433,4.127,5.682,5.641,5.243,4.78,5.204,5.573,5.095,3.411,4.108,5.353,4.916,4.703,6.063,5.084,5.741,4.316,5.521,5.079,6.598,8.161,5.025,6.209,5.0196,AA,TT,GG,GG,GG,GG,CC,TT,GG,TC,AG
89473,1,33.4639,-9,2,20,1350663.4778,2.315,3.507,2.74,2.085,3.405,2.695,2.652,2.777,2.646,2.483,3.084,2.159,2.734,2.623,2.932,2.588,2.444,2.571,2.523,1.765,2.148,2.915,2.572,2.563,3.256,2.625,3.162,2.304,2.845,2.586,3.567,3.752,2.356,3.219,2.6362,2.406,3.569,2.79,2.007,3.422,2.859,2.566,2.982,2.836,2.44,3.028,2.128,2.814,2.757,2.827,2.599,2.494,2.766,2.812,1.739,2.218,2.763,2.64,2.509,3.524,2.584,3.101,2.332,2.756,2.616,3.705,4.05,2.658,3.493,2.668,4.721,7.076,5.53,4.092,6.827,5.554,5.218,5.759,5.482,4.923,6.112,4.287,5.548,5.38,5.759,5.187,4.938,5.337,5.335,3.504,4.366,5.678,5.212,5.072,6.78,5.209,6.263,4.636,5.601,5.202,7.272,7.802,5.014,6.712,5.3043,AA,TT,GG,GC,GG,GG,CC,TT,TG,TC,GG
89549,1,31.3361,-9,1,22,1706248.0242,2.572,2.927,2.413,1.765,3.306,2.394,2.347,2.584,2.089,2.206,2.485,1.877,2.444,2.639,2.535,2.387,2.701,2.667,2.196,1.631,1.921,2.396,2.403,2.128,2.92,2.192,2.55,2.026,2.564,2.293,2.539,3.702,2.497,3.045,2.3344,2.193,2.874,2.448,1.751,3.121,2.513,2.327,2.648,2.34,2.106,2.619,1.983,2.585,2.526,2.212,2.374,2.519,2.564,2.371,1.653,1.979,2.311,2.511,2.221,2.787,2.33,2.559,2.101,2.626,2.354,3.481,3.571,2.195,3.055,2.3736,4.765,5.801,4.861,3.516,6.427,4.907,4.674,5.232,4.429,4.312,5.104,3.86,5.029,5.165,4.747,4.761,5.22,5.231,4.567,3.284,3.9,4.707,4.914,4.349,5.707,4.522,5.109,4.127,5.19,4.647,6.02,7.273,4.692,6.1,4.708,GG,CC,AA,CC,CC,TT,CC,CC,TT,TT,AA
89823,2,42.8583,18,1,14,1357025.226,2.55,3.082,2.675,1.858,3.334,2.516,2.619,2.952,2.641,2.321,2.743,2.082,3.095,2.831,2.59,2.499,2.514,2.672,2.559,1.679,2.045,2.711,2.367,2.345,3.223,2.432,2.983,2.288,2.462,2.463,3.285,3.989,2.342,2.949,2.514,2.262,3.152,2.726,2.142,2.937,2.666,2.399,2.904,2.415,2.22,2.639,2.055,2.755,2.883,2.719,2.493,2.497,2.799,2.437,1.661,2.107,2.446,2.504,2.316,3.32,2.615,2.847,2.216,2.469,2.491,3.17,4.116,2.055,2.94,2.4976,4.812,6.234,5.401,4,6.271,5.182,5.018,5.856,5.056,4.541,5.382,4.137,5.85,5.714,5.309,4.992,5.011,5.471,4.996,3.34,4.152,5.157,4.871,4.661,6.543,5.047,5.83,4.504,4.931,4.954,6.455,8.105,4.397,5.889,5.0116,AA,CT,GG,GG,GG,GG,CC,TC,TG,TT,AG
89931,1,47.7583,-9,2,24,1412067.4524,2.535,3.587,2.715,2.132,3.044,2.29,2.756,3.03,2.364,2.499,2.807,2.022,2.634,3.061,2.296,2.649,2.721,2.544,2.354,1.6,2.429,2.709,2.661,2.471,3.286,2.808,3.042,2.431,2.777,2.586,3.399,3.681,2.531,3.132,2.649,2.544,2.982,2.806,2.153,2.771,2.636,2.648,3.183,2.737,2.421,2.846,2.123,2.553,3.257,2.387,2.551,2.6,2.774,2.457,1.649,2.455,2.716,2.759,2.443,3.192,2.791,2.964,2.422,2.869,2.709,3.094,3.662,2.335,3.19,2.6761,5.079,6.569,5.521,4.285,5.815,4.926,5.404,6.213,5.101,4.92,5.653,4.145,5.187,6.318,4.683,5.2,5.321,5.318,4.811,3.249,4.884,5.425,5.42,4.914,6.478,5.599,6.006,4.853,5.646,5.295,6.493,7.343,4.866,6.322,5.3252,GA,CC,GA,GC,GC,TG,CC,,TG,TT,AG
90275,2,61.4361,35,2,21,1621286.7471,2.155,2.545,2.507,1.72,2.917,2.519,2.386,2.862,2.235,2.284,2.509,1.989,2.398,2.698,2.471,2.464,2.439,2.639,2.314,1.692,2.13,2.41,2.405,2.254,2.729,2.375,2.627,2.18,2.619,2.374,3.011,3.999,1.972,2.996,2.4068,2.194,2.957,2.533,1.791,2.633,2.459,2.418,2.526,2.132,2.081,2.608,1.957,2.509,2.707,2.296,2.287,2.511,2.805,2.492,1.647,2.065,2.428,2.539,2.21,2.638,2.488,2.732,2.283,2.629,2.588,3.524,2.912,2.475,3.082,2.4285,4.349,5.502,5.04,3.511,5.55,4.978,4.804,5.388,4.367,4.365,5.117,3.946,4.907,5.405,4.767,4.751,4.95,5.444,4.806,3.339,4.195,4.838,4.944,4.464,5.367,4.863,5.359,4.463,5.248,4.962,6.535,6.911,4.447,6.078,4.8353,GA,CT,GA,GC,GG,TG,CC,TC,TG,TC,AA
90409,2,41.5583,17,2,25,1599400.7129,2.468,2.879,2.663,1.812,2.827,2.593,2.553,2.63,2.385,2.31,2.826,2.195,2.695,2.651,2.335,2.563,2.68,2.985,2.415,1.699,2.221,2.582,2.645,2.412,2.848,2.493,2.722,2.225,2.573,2.516,3.722,3.417,2.523,3.092,2.5068,2.528,3.088,2.733,1.867,2.719,2.567,2.522,2.919,2.464,2.371,2.666,2.078,2.508,2.78,2.478,2.579,2.405,3.092,2.531,1.6,2.265,2.388,2.591,2.444,3.02,2.585,2.768,2.202,2.653,2.561,3.189,3.62,2.254,3.101,2.5229,4.996,5.967,5.396,3.679,5.546,5.16,5.075,5.549,4.849,4.681,5.492,4.273,5.203,5.431,4.813,5.142,5.085,6.077,4.946,3.299,4.486,4.97,5.236,4.856,5.868,5.078,5.49,4.427,5.226,5.077,6.911,7.037,4.777,6.193,5.0297,GG,CC,AA,CC,CC,TG,TC,,TT,TT,AA
90441,1,51.0778,-9,2,27,1435504.8351,2.128,2.968,2.516,1.959,3.256,2.473,2.611,2.839,2.621,2.457,2.762,2.15,2.999,2.966,2.427,2.496,2.622,2.973,2.694,1.577,2.171,2.577,2.572,2.288,3.129,2.565,2.838,2.337,2.783,2.495,3.726,3.642,2.401,3.406,2.5727,2.429,3.151,2.642,1.896,3.213,2.504,2.278,2.846,2.416,2.236,2.928,2.106,3.044,2.708,2.421,2.417,2.637,2.756,2.586,1.481,2.181,2.565,2.615,2.327,3.212,2.694,2.922,2.147,2.702,2.474,3.909,3.395,2.252,2.987,2.5275,4.557,6.119,5.158,3.855,6.469,4.977,4.889,5.685,5.037,4.693,5.69,4.256,6.043,5.674,4.848,4.913,5.259,5.729,5.28,3.058,4.352,5.142,5.187,4.615,6.341,5.259,5.76,4.484,5.485,4.969,7.635,7.037,4.653,6.393,5.1002,AA,CT,GG,GG,GG,TG,TC,TC,TT,TC,AA
90457,1,45.4472,-9,1,28,1850588.7197,2.463,2.228,2.739,1.789,3.236,2.623,2.457,3.026,2.254,2.388,2.685,2.116,2.535,2.752,2.205,2.338,2.726,2.48,2.449,1.642,2.151,2.443,2.491,2.182,2.762,2.404,2.707,2.147,2.778,2.567,3.393,3.279,2.771,2.944,2.4705,2.423,2.092,2.652,1.73,2.873,2.791,2.511,2.926,2.617,2.377,2.932,2.162,2.675,2.891,1.98,2.4,2.635,2.711,2.528,1.664,2.236,2.38,2.589,2.212,2.868,2.561,2.754,2.29,2.582,2.592,2.737,3.734,2.225,3.315,2.5346,4.886,4.32,5.391,3.519,6.109,5.414,4.968,5.952,4.871,4.765,5.617,4.278,5.21,5.643,4.185,4.738,5.361,5.191,4.977,3.306,4.387,4.823,5.08,4.394,5.63,4.965,5.461,4.437,5.36,5.159,6.13,7.013,4.996,6.259,5.0051,AA,CT,GG,GG,GG,TG,TC,TC,TT,CC,AA
90592,1,57.7167,-9,2,21,1470477.1276,2.535,2.506,2.579,1.744,3.266,2.517,2.413,2.954,2.047,2.442,2.719,2.067,2.721,2.891,2.59,2.511,2.624,2.968,2.459,1.716,2.237,2.379,2.588,2.407,2.997,2.593,2.882,2.377,2.879,2.739,4.133,3.871,2.279,3.333,2.564,2.287,2.89,2.576,1.924,3.071,2.766,2.495,3.162,2.722,2.378,2.927,2.09,2.731,3.052,2.192,2.522,2.808,3.212,2.371,1.876,2.24,2.16,2.631,2.296,3.25,2.577,2.921,2.221,2.722,2.455,3.785,3.914,2.173,3.186,2.5818,4.822,5.396,5.155,3.668,6.337,5.283,4.908,6.116,4.769,4.82,5.646,4.157,5.452,5.943,4.782,5.033,5.432,6.18,4.83,3.592,4.477,4.539,5.219,4.703,6.247,5.17,5.803,4.598,5.601,5.194,7.918,7.785,4.452,6.519,5.1458,GA,CT,GA,GC,CC,TT,CC,CC,TT,TT,AA
90594,1,37.125,-9,2,23,1143222.9461,2.338,2.758,2.618,1.912,3.688,2.659,2.43,2.823,2.513,2.433,2.753,2.093,2.729,2.776,2.356,2.441,2.47,2.769,2.252,1.674,2.023,2.556,2.501,2.255,2.822,2.548,2.83,2.179,2.471,2.558,3.002,3.367,2.1,3.007,2.4788,2.1,2.765,2.565,1.977,3.689,2.521,2.452,2.776,2.508,2.368,2.658,2.111,2.639,2.56,2.809,2.288,2.379,2.626,2.309,1.706,2.011,2.625,2.385,2.194,3.271,2.647,2.93,2.135,2.586,2.486,3.075,3.213,2.548,2.843,2.4639,4.438,5.523,5.183,3.889,7.377,5.18,4.882,5.599,5.021,4.801,5.411,4.204,5.368,5.336,5.165,4.729,4.849,5.395,4.561,3.38,4.034,5.181,4.886,4.449,6.093,5.195,5.76,4.314,5.057,5.044,6.077,6.58,4.648,5.85,4.9427,GA,CC,AA,GC,GC,TG,TC,TC,TT,TC,AA
90682,1,46.1639,-9,1,28,1697071.6946,2.104,2.752,2.441,1.979,3.455,2.675,2.403,2.941,2.4,2.155,2.775,2.054,2.745,2.738,2.728,2.263,2.435,2.517,2.301,1.63,2.084,2.458,2.342,2.196,2.957,2.568,2.673,2.111,2.6,2.588,2.751,3.914,2.208,3.072,2.4584,2.511,2.857,2.637,1.712,2.941,2.509,2.373,2.872,2.317,2.196,2.762,1.882,2.781,2.939,2.671,2.118,2.514,2.717,2.249,1.572,2.054,2.346,2.386,2.155,3.313,2.497,2.658,2.176,2.603,2.485,3.283,3.979,1.958,3.196,2.4451,4.615,5.609,5.078,3.691,6.396,5.184,4.776,5.813,4.717,4.351,5.537,3.936,5.526,5.677,5.399,4.381,4.949,5.234,4.55,3.202,4.138,4.804,4.728,4.351,6.27,5.065,5.331,4.287,5.203,5.073,6.034,7.893,4.166,6.268,4.9035,GG,CC,AA,CC,GG,TG,CC,TC,TG,TC,AA
90683,1,44.0528,-9,2,26,1467262.0009,2.674,2.805,2.603,2.025,3.8,2.723,2.512,2.895,2.414,2.436,2.727,2.185,2.621,2.954,2.603,2.521,2.618,2.835,2.462,1.675,2.149,2.536,2.453,2.474,2.953,2.433,2.815,2.246,2.822,2.69,2.8,4.08,2.275,3.243,2.5539,2.396,2.681,2.642,1.876,3.472,2.749,2.461,2.882,2.593,2.316,2.765,2.199,2.615,2.93,2.705,2.546,2.599,2.878,2.558,1.434,2.201,2.66,2.512,2.455,3.195,2.459,2.856,2.218,2.857,2.709,2.948,3.787,2.243,3.261,2.5521,5.07,5.486,5.245,3.901,7.272,5.472,4.973,5.777,5.007,4.752,5.492,4.384,5.236,5.884,5.308,5.067,5.217,5.713,5.02,3.109,4.35,5.196,4.965,4.929,6.148,4.892,5.671,4.464,5.679,5.399,5.748,7.867,4.518,6.504,5.106,AA,CC,GG,GC,GG,TG,CC,TC,TG,TC,AA
90761,1,37.3306,-9,2,19,1241048.7282,3.204,3.623,2.75,2.316,3.57,2.932,2.599,3.109,2.774,2.34,2.896,2.441,2.909,3.018,2.874,2.709,2.435,2.808,2.438,1.702,2.173,2.996,2.542,2.707,3.429,2.519,3.033,2.3,2.834,2.819,3.258,3.905,2.336,3.254,2.6903,2.627,2.747,2.762,2.323,3.219,3.006,2.681,3.249,2.908,2.466,2.815,2.331,2.799,2.823,2.498,2.72,2.573,3.041,2.717,1.779,2.219,2.46,2.669,2.482,3.427,2.792,2.965,2.321,2.808,2.72,3.691,4.18,2.542,3.207,2.6963,5.831,6.37,5.512,4.639,6.789,5.938,5.28,6.358,5.682,4.806,5.711,4.772,5.708,5.841,5.372,5.429,5.008,5.849,5.155,3.481,4.392,5.456,5.211,5.189,6.856,5.311,5.998,4.621,5.642,5.539,6.949,8.085,4.878,6.461,5.3866,GG,CC,GA,GC,GC,TT,CC,CC,TT,TT,AA
92063,1,44.8167,-9,1,19,1462857.5418,2.562,2.83,2.413,2.161,3.164,2.473,2.318,2.813,2.463,2.376,2.487,2.164,2.992,2.76,2.197,2.486,2.439,2.746,2.495,1.673,2.258,2.555,2.449,2.23,3.225,2.385,2.744,2.192,2.534,2.435,2.994,3.644,2.394,3.267,2.4759,2.431,3.049,2.507,1.894,2.978,2.393,2.336,2.789,2.384,2.328,2.407,1.977,2.624,2.957,2.179,2.446,2.456,2.487,2.483,1.632,2.288,2.398,2.479,2.243,3.109,2.406,2.683,2.069,2.695,2.568,3.403,3.462,2.337,3.15,2.4595,4.993,5.879,4.92,4.055,6.142,4.866,4.654,5.602,4.847,4.704,4.894,4.141,5.616,5.717,4.376,4.932,4.895,5.233,4.978,3.305,4.546,4.953,4.928,4.473,6.334,4.791,5.427,4.261,5.229,5.003,6.397,7.106,4.731,6.417,4.9354,GA,CC,AA,GC,GC,TG,TC,TC,TT,TC,AA
